id,album_id,storage_path,media_type,thumb_url
0033095d-4879-46cd-a4ce-d84efd6eb1c3,4431e23f-5efd-4a09-bd07-80cdea346c40,4431e23f-5efd-4a09-bd07-80cdea346c40/1779259368095-favvjhpkvbb.jpg,image,https://zleajzevvhugkwlqlolt.supabase.co/storage/v1/object/public/Photos/4431e23f-5efd-4a09-bd07-80cdea346c40/thumbs/1779259368095-favvjhpkvbb.webp
04e4fdb0-7b5f-4916-a655-224399743d2d,4431e23f-5efd-4a09-bd07-80cdea346c40,4431e23f-5efd-4a09-bd07-80cdea346c40/1780828581690-yx6tozf4a4.jpg,image,https://zleajzevvhugkwlqlolt.supabase.co/storage/v1/render/image/public/Photos/4431e23f-5efd-4a09-bd07-80cdea346c40/1780828581690-yx6tozf4a4.jpg?width=600&quality=80
0624681e-0ce4-4c47-b36d-ae8eb6c5888d,4431e23f-5efd-4a09-bd07-80cdea346c40,4431e23f-5efd-4a09-bd07-80cdea346c40/1779259082694-zcjsjxzamyd.jpg,image,https://zleajzevvhugkwlqlolt.supabase.co/storage/v1/object/public/Photos/4431e23f-5efd-4a09-bd07-80cdea346c40/thumbs/1779259082694-zcjsjxzamyd.webp
072bf7cd-2ef3-4369-81db-a4dd2f8e1e31,4431e23f-5efd-4a09-bd07-80cdea346c40,4431e23f-5efd-4a09-bd07-80cdea346c40/1779259448489-1jyb9r8njdx.jpg,image,https://zleajzevvhugkwlqlolt.supabase.co/storage/v1/object/public/Photos/4431e23f-5efd-4a09-bd07-80cdea346c40/thumbs/1779259448489-1jyb9r8njdx.webp
08c2f592-b970-4eb5-ac14-eae8d831bef2,4431e23f-5efd-4a09-bd07-80cdea346c40,4431e23f-5efd-4a09-bd07-80cdea346c40/1779259363411-2lqhq5hwziu.jpg,image,null
08fae0eb-857b-42b1-bb7a-0638a47d5197,d4eac5fe-17d1-449f-8db8-a5f7617ecb80,d4eac5fe-17d1-449f-8db8-a5f7617ecb80/1779909922668-yfij38473qb.jpg,image,https://zleajzevvhugkwlqlolt.supabase.co/storage/v1/object/public/Photos/d4eac5fe-17d1-449f-8db8-a5f7617ecb80/thumbs/1779909922668-yfij38473qb.webp
093e3b69-44e1-4bb7-a2bf-608451f9b7e4,4431e23f-5efd-4a09-bd07-80cdea346c40,4431e23f-5efd-4a09-bd07-80cdea346c40/1779259624482-2pvjz2ch5nw.jpg,image,https://zleajzevvhugkwlqlolt.supabase.co/storage/v1/object/public/Photos/4431e23f-5efd-4a09-bd07-80cdea346c40/thumbs/1779259624482-2pvjz2ch5nw.webp
0a7664f2-5b9a-45d5-8d91-62961e5b9dcc,abdb6b6b-8405-42e3-b024-b4a202a78aec,abdb6b6b-8405-42e3-b024-b4a202a78aec/1778603747941-o2swrau3wm.jpg,image,null
0a97f6c6-2cf7-4682-9312-a7aebabb9082,4431e23f-5efd-4a09-bd07-80cdea346c40,4431e23f-5efd-4a09-bd07-80cdea346c40/1779258954107-wkmtvk07ran.jpg,image,https://zleajzevvhugkwlqlolt.supabase.co/storage/v1/object/public/Photos/4431e23f-5efd-4a09-bd07-80cdea346c40/thumbs/1779258954107-wkmtvk07ran.webp
0b8e63c8-4822-4a19-b136-ae3d2d8bc604,d4eac5fe-17d1-449f-8db8-a5f7617ecb80,d4eac5fe-17d1-449f-8db8-a5f7617ecb80/1779899376715-jyio25nnbxf.jpg,image,https://zleajzevvhugkwlqlolt.supabase.co/storage/v1/object/public/Photos/d4eac5fe-17d1-449f-8db8-a5f7617ecb80/thumbs/1779899376715-jyio25nnbxf.webp
0bda171e-fef3-4fa0-b020-f6d8c640f94f,6b433111-cfe4-40be-a2f4-014c2eb632d7,6b433111-cfe4-40be-a2f4-014c2eb632d7/1777882735625-9kuz3q4hb5b.webp,image,null
0c3cbd9a-73e7-4e6b-8229-a5521dfd52c7,d4eac5fe-17d1-449f-8db8-a5f7617ecb80,d4eac5fe-17d1-449f-8db8-a5f7617ecb80/1779899369500-nnsca9lxzco.jpg,image,https://zleajzevvhugkwlqlolt.supabase.co/storage/v1/object/public/Photos/d4eac5fe-17d1-449f-8db8-a5f7617ecb80/thumbs/1779899369500-nnsca9lxzco.webp
0c99d511-1780-442c-b055-ff5913eba2d6,4431e23f-5efd-4a09-bd07-80cdea346c40,4431e23f-5efd-4a09-bd07-80cdea346c40/1779259339118-uvq8ampk8yo.jpg,image,https://zleajzevvhugkwlqlolt.supabase.co/storage/v1/object/public/Photos/4431e23f-5efd-4a09-bd07-80cdea346c40/thumbs/1779259339118-uvq8ampk8yo.webp
0d431d28-08d0-4209-92c8-7c8dfab67e45,d4eac5fe-17d1-449f-8db8-a5f7617ecb80,d4eac5fe-17d1-449f-8db8-a5f7617ecb80/1779899370270-2fz221eroko.jpg,image,https://zleajzevvhugkwlqlolt.supabase.co/storage/v1/object/public/Photos/d4eac5fe-17d1-449f-8db8-a5f7617ecb80/thumbs/1779899370270-2fz221eroko.webp
0da04984-bf60-4c05-b3a6-071e2a4b0ea0,d4eac5fe-17d1-449f-8db8-a5f7617ecb80,d4eac5fe-17d1-449f-8db8-a5f7617ecb80/1779899367662-hud8ast7p6.jpg,image,https://zleajzevvhugkwlqlolt.supabase.co/storage/v1/object/public/Photos/d4eac5fe-17d1-449f-8db8-a5f7617ecb80/thumbs/1779899367662-hud8ast7p6.webp
0dc88f1b-fd4e-4401-97cd-4c8ccbb33d88,4431e23f-5efd-4a09-bd07-80cdea346c40,4431e23f-5efd-4a09-bd07-80cdea346c40/1779258937187-0i2z8i5qt8o.jpg,image,https://zleajzevvhugkwlqlolt.supabase.co/storage/v1/object/public/Photos/4431e23f-5efd-4a09-bd07-80cdea346c40/thumbs/1779258937187-0i2z8i5qt8o.webp
0edbf78d-0f01-465e-8b0e-25388d92327b,4431e23f-5efd-4a09-bd07-80cdea346c40,4431e23f-5efd-4a09-bd07-80cdea346c40/1779259423108-8ofv10ffxna.jpg,image,https://zleajzevvhugkwlqlolt.supabase.co/storage/v1/object/public/Photos/4431e23f-5efd-4a09-bd07-80cdea346c40/thumbs/1779259423108-8ofv10ffxna.webp
0eef02b4-ac4d-4147-ab59-3ce10d465e37,d4eac5fe-17d1-449f-8db8-a5f7617ecb80,d4eac5fe-17d1-449f-8db8-a5f7617ecb80/1779899373567-w7pytgf9gig.jpg,image,https://zleajzevvhugkwlqlolt.supabase.co/storage/v1/object/public/Photos/d4eac5fe-17d1-449f-8db8-a5f7617ecb80/thumbs/1779899373567-w7pytgf9gig.webp
0f04f913-cd3f-44a8-8cfc-0170bcf3d231,d4eac5fe-17d1-449f-8db8-a5f7617ecb80,d4eac5fe-17d1-449f-8db8-a5f7617ecb80/1779909935446-3v4xap9l9d9.jpg,image,https://zleajzevvhugkwlqlolt.supabase.co/storage/v1/object/public/Photos/d4eac5fe-17d1-449f-8db8-a5f7617ecb80/thumbs/1779909935446-3v4xap9l9d9.webp
0f472b25-3d21-4902-923e-596df470bdc5,d4eac5fe-17d1-449f-8db8-a5f7617ecb80,d4eac5fe-17d1-449f-8db8-a5f7617ecb80/1779899451502-dhcoq0nembg.jpg,image,https://zleajzevvhugkwlqlolt.supabase.co/storage/v1/object/public/Photos/d4eac5fe-17d1-449f-8db8-a5f7617ecb80/thumbs/1779899451502-dhcoq0nembg.webp
0f4f2391-9af1-4754-bda4-98d7c56f6276,d4eac5fe-17d1-449f-8db8-a5f7617ecb80,d4eac5fe-17d1-449f-8db8-a5f7617ecb80/1779909932956-if123t013pp.jpg,image,https://zleajzevvhugkwlqlolt.supabase.co/storage/v1/object/public/Photos/d4eac5fe-17d1-449f-8db8-a5f7617ecb80/thumbs/1779909932956-if123t013pp.webp
11725f9a-8fb6-4459-aafb-f5058db7ce6b,d4eac5fe-17d1-449f-8db8-a5f7617ecb80,d4eac5fe-17d1-449f-8db8-a5f7617ecb80/1779909930827-r1i0326kr.jpg,image,https://zleajzevvhugkwlqlolt.supabase.co/storage/v1/object/public/Photos/d4eac5fe-17d1-449f-8db8-a5f7617ecb80/thumbs/1779909930827-r1i0326kr.webp
132e7142-7e55-4c89-bd6a-e1ed2f39b2ba,4431e23f-5efd-4a09-bd07-80cdea346c40,4431e23f-5efd-4a09-bd07-80cdea346c40/1779258935760-n3p2ozbdrf.jpg,image,https://zleajzevvhugkwlqlolt.supabase.co/storage/v1/object/public/Photos/4431e23f-5efd-4a09-bd07-80cdea346c40/thumbs/1779258935760-n3p2ozbdrf.webp
13a98b0b-566a-4f89-990d-849a6f376209,a75b8272-e399-4699-9a80-54ecc813b577,a75b8272-e399-4699-9a80-54ecc813b577/1777905787940-oyggch2stz.jpg,image,null
1484483a-a843-4747-9c06-0a5b1172f065,4431e23f-5efd-4a09-bd07-80cdea346c40,4431e23f-5efd-4a09-bd07-80cdea346c40/1779259310026-bn8yy4su87i.jpg,image,https://zleajzevvhugkwlqlolt.supabase.co/storage/v1/object/public/Photos/4431e23f-5efd-4a09-bd07-80cdea346c40/thumbs/1779259310026-bn8yy4su87i.webp
14871717-a9d5-4241-ba37-2df1636d0fb1,d4eac5fe-17d1-449f-8db8-a5f7617ecb80,d4eac5fe-17d1-449f-8db8-a5f7617ecb80/1779909927458-teupqa4fpio.jpg,image,https://zleajzevvhugkwlqlolt.supabase.co/storage/v1/object/public/Photos/d4eac5fe-17d1-449f-8db8-a5f7617ecb80/thumbs/1779909927458-teupqa4fpio.webp
14f13c28-282d-4362-b79e-e0ab36c8f3f1,4431e23f-5efd-4a09-bd07-80cdea346c40,4431e23f-5efd-4a09-bd07-80cdea346c40/1779259451783-t9e8isgsla.jpg,image,https://zleajzevvhugkwlqlolt.supabase.co/storage/v1/object/public/Photos/4431e23f-5efd-4a09-bd07-80cdea346c40/thumbs/1779259451783-t9e8isgsla.webp
160bbb49-feb8-47cc-84f9-9b17d985b137,d4eac5fe-17d1-449f-8db8-a5f7617ecb80,d4eac5fe-17d1-449f-8db8-a5f7617ecb80/1779899367663-cxegacfbp6.jpg,image,https://zleajzevvhugkwlqlolt.supabase.co/storage/v1/object/public/Photos/d4eac5fe-17d1-449f-8db8-a5f7617ecb80/thumbs/1779899367663-cxegacfbp6.webp
1732a62d-f313-4c6d-955e-1a63ce4e9fc5,4431e23f-5efd-4a09-bd07-80cdea346c40,4431e23f-5efd-4a09-bd07-80cdea346c40/1779258970606-wt620nus8v.jpg,image,https://zleajzevvhugkwlqlolt.supabase.co/storage/v1/object/public/Photos/4431e23f-5efd-4a09-bd07-80cdea346c40/thumbs/1779258970606-wt620nus8v.webp
17b6bdd5-dc0c-4e86-8899-e9d2458ea784,4431e23f-5efd-4a09-bd07-80cdea346c40,4431e23f-5efd-4a09-bd07-80cdea346c40/1779259078801-kj008yut3y.jpg,image,https://zleajzevvhugkwlqlolt.supabase.co/storage/v1/object/public/Photos/4431e23f-5efd-4a09-bd07-80cdea346c40/thumbs/1779259078801-kj008yut3y.webp
17f0c1d1-b53e-450b-a1b8-73217f67f5c6,4431e23f-5efd-4a09-bd07-80cdea346c40,4431e23f-5efd-4a09-bd07-80cdea346c40/1779259548373-fegx8emhksq.jpg,image,https://zleajzevvhugkwlqlolt.supabase.co/storage/v1/object/public/Photos/4431e23f-5efd-4a09-bd07-80cdea346c40/thumbs/1779259548373-fegx8emhksq.webp
1c8ac6c2-74d7-4632-b107-202b7288116b,d4eac5fe-17d1-449f-8db8-a5f7617ecb80,d4eac5fe-17d1-449f-8db8-a5f7617ecb80/1779909935809-8o03agdszzx.jpg,image,https://zleajzevvhugkwlqlolt.supabase.co/storage/v1/object/public/Photos/d4eac5fe-17d1-449f-8db8-a5f7617ecb80/thumbs/1779909935809-8o03agdszzx.webp
1e05ffc4-bf67-4520-bad9-3552a6700906,4431e23f-5efd-4a09-bd07-80cdea346c40,4431e23f-5efd-4a09-bd07-80cdea346c40/1779259317551-ppz186o1vyl.jpg,image,https://zleajzevvhugkwlqlolt.supabase.co/storage/v1/object/public/Photos/4431e23f-5efd-4a09-bd07-80cdea346c40/thumbs/1779259317551-ppz186o1vyl.webp
1e4bdb97-6b27-4e18-ab0c-b9a4880ea5be,8da753a3-4b36-4ab0-8b12-2f08905e06b5,8da753a3-4b36-4ab0-8b12-2f08905e06b5/1777905335586-9u4op7mi36o.jpg,image,null
1ec63fbf-612f-4908-93e9-e69a298cfce0,4431e23f-5efd-4a09-bd07-80cdea346c40,4431e23f-5efd-4a09-bd07-80cdea346c40/1779259597401-stic3yyre6i.jpg,image,https://zleajzevvhugkwlqlolt.supabase.co/storage/v1/object/public/Photos/4431e23f-5efd-4a09-bd07-80cdea346c40/thumbs/1779259597401-stic3yyre6i.webp
1ec97f99-d1ad-47da-8d8f-3e18af2c0efb,4431e23f-5efd-4a09-bd07-80cdea346c40,4431e23f-5efd-4a09-bd07-80cdea346c40/1779259627172-3449yr9qqeo.jpg,image,https://zleajzevvhugkwlqlolt.supabase.co/storage/v1/object/public/Photos/4431e23f-5efd-4a09-bd07-80cdea346c40/thumbs/1779259627172-3449yr9qqeo.webp
2002c715-54dc-4e13-a225-03a05b8335ed,d4eac5fe-17d1-449f-8db8-a5f7617ecb80,d4eac5fe-17d1-449f-8db8-a5f7617ecb80/1779899379385-4f5eqvbpo43.jpg,image,https://zleajzevvhugkwlqlolt.supabase.co/storage/v1/object/public/Photos/d4eac5fe-17d1-449f-8db8-a5f7617ecb80/thumbs/1779899379385-4f5eqvbpo43.webp
21fd6b7e-54da-4ce3-9658-2a4f95f76189,4a27f272-52b9-49f1-bee6-deb05b0c572d,4a27f272-52b9-49f1-bee6-deb05b0c572d/1779094635256-fe76fynanm7.jpg,image,null
2245853d-7dc8-4602-bac0-c93a982897d6,d4eac5fe-17d1-449f-8db8-a5f7617ecb80,d4eac5fe-17d1-449f-8db8-a5f7617ecb80/1779909936434-mse0vxauedg.webp,image,https://zleajzevvhugkwlqlolt.supabase.co/storage/v1/object/public/Photos/d4eac5fe-17d1-449f-8db8-a5f7617ecb80/thumbs/1779909936434-mse0vxauedg.webp
228ab957-b68e-4c3c-a096-60f6d7b70e31,4431e23f-5efd-4a09-bd07-80cdea346c40,4431e23f-5efd-4a09-bd07-80cdea346c40/1779259389959-ce5qyvqx56t.jpg,image,https://zleajzevvhugkwlqlolt.supabase.co/storage/v1/object/public/Photos/4431e23f-5efd-4a09-bd07-80cdea346c40/thumbs/1779259389959-ce5qyvqx56t.webp
228be646-9830-44da-8caa-7928541c71f6,75336269-17ea-4371-9dc4-5ae3f5c060d8,75336269-17ea-4371-9dc4-5ae3f5c060d8/1778514259616-77wgwc6ul3o.jpg,image,null
22bd0598-c037-424d-8ce8-a420b415f5a4,4431e23f-5efd-4a09-bd07-80cdea346c40,4431e23f-5efd-4a09-bd07-80cdea346c40/1779259515627-kajp0kb494l.jpg,image,https://zleajzevvhugkwlqlolt.supabase.co/storage/v1/object/public/Photos/4431e23f-5efd-4a09-bd07-80cdea346c40/thumbs/1779259515627-kajp0kb494l.webp
22cc5617-c816-4c2b-b136-364b49814413,a69dd988-d4d8-4d86-9d42-4becc4f8d7a5,a69dd988-d4d8-4d86-9d42-4becc4f8d7a5/1779626646110-z32kn5hcacr.jpeg,image,https://zleajzevvhugkwlqlolt.supabase.co/storage/v1/object/public/Photos/a69dd988-d4d8-4d86-9d42-4becc4f8d7a5/thumbs/1779626646110-z32kn5hcacr.jpg
230f8d18-7b01-4196-aa62-27df691e58a0,5abf9683-79a8-4b01-9b61-1e8778398211,5abf9683-79a8-4b01-9b61-1e8778398211/1778604112793-mwok7q0m8o.jpg,image,null
23b52c22-0322-4fec-8782-6a55ac53c82f,e18cd4e4-3d71-456c-b9c3-86c1cacf84f4,e18cd4e4-3d71-456c-b9c3-86c1cacf84f4/1778505000883-3ljrp8y2hcr.jpg,image,null
276c5ad9-c81e-4e63-87f4-f7402aede63a,d4eac5fe-17d1-449f-8db8-a5f7617ecb80,d4eac5fe-17d1-449f-8db8-a5f7617ecb80/1779899450137-m1splientaa.jpg,image,https://zleajzevvhugkwlqlolt.supabase.co/storage/v1/object/public/Photos/d4eac5fe-17d1-449f-8db8-a5f7617ecb80/thumbs/1779899450137-m1splientaa.webp
282e0ed3-7758-4858-b981-d64c63df6f2b,4431e23f-5efd-4a09-bd07-80cdea346c40,4431e23f-5efd-4a09-bd07-80cdea346c40/1779259593937-tf0wyi5mi3q.jpg,image,https://zleajzevvhugkwlqlolt.supabase.co/storage/v1/object/public/Photos/4431e23f-5efd-4a09-bd07-80cdea346c40/thumbs/1779259593937-tf0wyi5mi3q.webp
291fcbd4-af59-471e-982e-095581f88364,4431e23f-5efd-4a09-bd07-80cdea346c40,4431e23f-5efd-4a09-bd07-80cdea346c40/1779259576848-bmp73cr6u4q.jpg,image,https://zleajzevvhugkwlqlolt.supabase.co/storage/v1/object/public/Photos/4431e23f-5efd-4a09-bd07-80cdea346c40/thumbs/1779259576848-bmp73cr6u4q.webp
29be05dd-238a-4c59-8f6c-79230558463d,4431e23f-5efd-4a09-bd07-80cdea346c40,4431e23f-5efd-4a09-bd07-80cdea346c40/1779259313975-5bz8xx2sshc.jpg,image,https://zleajzevvhugkwlqlolt.supabase.co/storage/v1/object/public/Photos/4431e23f-5efd-4a09-bd07-80cdea346c40/thumbs/1779259313975-5bz8xx2sshc.webp
29eec741-50aa-47a0-bc78-21f32a9a93e6,4431e23f-5efd-4a09-bd07-80cdea346c40,4431e23f-5efd-4a09-bd07-80cdea346c40/1779258976529-kd5cdxt4aml.jpg,image,https://zleajzevvhugkwlqlolt.supabase.co/storage/v1/object/public/Photos/4431e23f-5efd-4a09-bd07-80cdea346c40/thumbs/1779258976529-kd5cdxt4aml.webp
2b807cd3-2751-4396-8a0a-d22a7d940cfc,4431e23f-5efd-4a09-bd07-80cdea346c40,4431e23f-5efd-4a09-bd07-80cdea346c40/1779259652072-u2oig02yzxa.jpg,image,https://zleajzevvhugkwlqlolt.supabase.co/storage/v1/object/public/Photos/4431e23f-5efd-4a09-bd07-80cdea346c40/thumbs/1779259652072-u2oig02yzxa.webp
2c99a846-61c9-4671-9a0d-1bdca5b10882,30e85a7c-ff2d-46f9-98ee-8823d418074c,30e85a7c-ff2d-46f9-98ee-8823d418074c/1777901459500-y44e4q9owh.png,image,null
2d70c222-f9df-4701-8822-1eec115f8654,d4eac5fe-17d1-449f-8db8-a5f7617ecb80,d4eac5fe-17d1-449f-8db8-a5f7617ecb80/1779899369996-exj8jjqc77v.jpg,image,https://zleajzevvhugkwlqlolt.supabase.co/storage/v1/object/public/Photos/d4eac5fe-17d1-449f-8db8-a5f7617ecb80/thumbs/1779899369996-exj8jjqc77v.webp
2dbce80e-a3be-4c36-9fea-d2ba69328a62,4431e23f-5efd-4a09-bd07-80cdea346c40,4431e23f-5efd-4a09-bd07-80cdea346c40/1779259081994-d77f64l3x3q.jpg,image,https://zleajzevvhugkwlqlolt.supabase.co/storage/v1/object/public/Photos/4431e23f-5efd-4a09-bd07-80cdea346c40/thumbs/1779259081994-d77f64l3x3q.webp
2e483a1e-6d79-4d3e-a6a2-d435319f3b64,d4eac5fe-17d1-449f-8db8-a5f7617ecb80,d4eac5fe-17d1-449f-8db8-a5f7617ecb80/1779899448684-c83xj8a54w.jpg,image,https://zleajzevvhugkwlqlolt.supabase.co/storage/v1/object/public/Photos/d4eac5fe-17d1-449f-8db8-a5f7617ecb80/thumbs/1779899448684-c83xj8a54w.webp
2f15e63c-4a79-4401-8ff0-6918d5ac8752,4431e23f-5efd-4a09-bd07-80cdea346c40,4431e23f-5efd-4a09-bd07-80cdea346c40/1779258970606-7sbx5s1atww.jpg,image,https://zleajzevvhugkwlqlolt.supabase.co/storage/v1/object/public/Photos/4431e23f-5efd-4a09-bd07-80cdea346c40/thumbs/1779258970606-7sbx5s1atww.webp
2f9b0e46-7fa1-4997-b2cf-62c45144304d,4431e23f-5efd-4a09-bd07-80cdea346c40,4431e23f-5efd-4a09-bd07-80cdea346c40/1779259543267-h5hjrx565xh.jpg,image,https://zleajzevvhugkwlqlolt.supabase.co/storage/v1/object/public/Photos/4431e23f-5efd-4a09-bd07-80cdea346c40/thumbs/1779259543267-h5hjrx565xh.webp
303cc719-7a79-4bcb-8826-f2c40b004247,d4eac5fe-17d1-449f-8db8-a5f7617ecb80,d4eac5fe-17d1-449f-8db8-a5f7617ecb80/1779899453046-kpctcqegmmd.jpg,image,https://zleajzevvhugkwlqlolt.supabase.co/storage/v1/object/public/Photos/d4eac5fe-17d1-449f-8db8-a5f7617ecb80/thumbs/1779899453046-kpctcqegmmd.webp
31c69450-7592-4df2-ab01-d7621ac42227,4431e23f-5efd-4a09-bd07-80cdea346c40,4431e23f-5efd-4a09-bd07-80cdea346c40/1779259543267-4izz2zfycfc.jpg,image,https://zleajzevvhugkwlqlolt.supabase.co/storage/v1/object/public/Photos/4431e23f-5efd-4a09-bd07-80cdea346c40/thumbs/1779259543267-4izz2zfycfc.webp
354f8c85-2fa7-45a7-8c9d-89a10f2bae41,b5eafa62-8447-453b-8f6f-00b5b619003b,b5eafa62-8447-453b-8f6f-00b5b619003b/1777649342591-f7plzmafg55.jpg,image,null
384aa29a-1f2b-4b05-909c-1cc3e4083a15,d4eac5fe-17d1-449f-8db8-a5f7617ecb80,d4eac5fe-17d1-449f-8db8-a5f7617ecb80/1779899445554-mycs45io5hg.jpg,image,https://zleajzevvhugkwlqlolt.supabase.co/storage/v1/object/public/Photos/d4eac5fe-17d1-449f-8db8-a5f7617ecb80/thumbs/1779899445554-mycs45io5hg.webp
38d61ddb-348f-4a8e-82e0-17ce78cdeabd,4431e23f-5efd-4a09-bd07-80cdea346c40,4431e23f-5efd-4a09-bd07-80cdea346c40/1779259343458-m7bwmrxp6og.jpg,image,https://zleajzevvhugkwlqlolt.supabase.co/storage/v1/object/public/Photos/4431e23f-5efd-4a09-bd07-80cdea346c40/thumbs/1779259343458-m7bwmrxp6og.webp
38f7c4c9-835e-4f5b-bc21-8c0e2770d87c,767b62ff-92e4-488a-a7a8-34fac655fc54,767b62ff-92e4-488a-a7a8-34fac655fc54/1776704080560-9tz6hq99zp7.png,image,null
39750215-2181-4f58-b2e8-d4adc36bfd8a,4431e23f-5efd-4a09-bd07-80cdea346c40,4431e23f-5efd-4a09-bd07-80cdea346c40/1779259648824-djk63evty1r.jpg,image,null
3b21a68f-655e-4631-b511-f91d405256e5,abdb6b6b-8405-42e3-b024-b4a202a78aec,abdb6b6b-8405-42e3-b024-b4a202a78aec/1778603740181-j8q0143t6oi.jpg,image,null
3cd14402-ca18-4a7e-8916-94de01b00937,98699a76-391e-4e79-a120-a52d11b7b8e1,98699a76-391e-4e79-a120-a52d11b7b8e1/1777885055706-8dzdwe07zv5.webp,image,null
3d960021-1b1e-4e05-be19-b10297ebe567,4431e23f-5efd-4a09-bd07-80cdea346c40,4431e23f-5efd-4a09-bd07-80cdea346c40/1779258938493-k16n4gq4wu.jpg,image,https://zleajzevvhugkwlqlolt.supabase.co/storage/v1/object/public/Photos/4431e23f-5efd-4a09-bd07-80cdea346c40/thumbs/1779258938493-k16n4gq4wu.webp
3e4e4d2d-5e96-4c8e-bb6e-f0e412b73772,4431e23f-5efd-4a09-bd07-80cdea346c40,4431e23f-5efd-4a09-bd07-80cdea346c40/1779258937275-3d0ycylf4uo.jpg,image,https://zleajzevvhugkwlqlolt.supabase.co/storage/v1/object/public/Photos/4431e23f-5efd-4a09-bd07-80cdea346c40/thumbs/1779258937275-3d0ycylf4uo.webp
3e5bc408-a4de-4fd4-a149-bd9516409649,d4eac5fe-17d1-449f-8db8-a5f7617ecb80,d4eac5fe-17d1-449f-8db8-a5f7617ecb80/1779909932828-z8wyw9czsz.jpg,image,https://zleajzevvhugkwlqlolt.supabase.co/storage/v1/object/public/Photos/d4eac5fe-17d1-449f-8db8-a5f7617ecb80/thumbs/1779909932828-z8wyw9czsz.webp
3ea718ac-2c35-4607-8e8e-a9a10afb77ba,d4eac5fe-17d1-449f-8db8-a5f7617ecb80,d4eac5fe-17d1-449f-8db8-a5f7617ecb80/1779899375292-qk3ukmduwi.jpg,image,https://zleajzevvhugkwlqlolt.supabase.co/storage/v1/object/public/Photos/d4eac5fe-17d1-449f-8db8-a5f7617ecb80/thumbs/1779899375292-qk3ukmduwi.webp
3f314000-6880-458e-bf5f-12e7df3b11a6,d4eac5fe-17d1-449f-8db8-a5f7617ecb80,d4eac5fe-17d1-449f-8db8-a5f7617ecb80/1779899376449-vscuoj6p33.jpg,image,https://zleajzevvhugkwlqlolt.supabase.co/storage/v1/object/public/Photos/d4eac5fe-17d1-449f-8db8-a5f7617ecb80/thumbs/1779899376449-vscuoj6p33.webp
40c1cf9e-80dd-4898-89ae-82435aaaf0fe,4431e23f-5efd-4a09-bd07-80cdea346c40,4431e23f-5efd-4a09-bd07-80cdea346c40/1779259543267-7i2vbubo93s.jpg,image,https://zleajzevvhugkwlqlolt.supabase.co/storage/v1/object/public/Photos/4431e23f-5efd-4a09-bd07-80cdea346c40/thumbs/1779259543267-7i2vbubo93s.webp
41ec54b9-8ec7-4ec6-8fa4-6d676ffc6d8d,4431e23f-5efd-4a09-bd07-80cdea346c40,4431e23f-5efd-4a09-bd07-80cdea346c40/1779259073970-sxdw3nu4je.jpg,image,https://zleajzevvhugkwlqlolt.supabase.co/storage/v1/object/public/Photos/4431e23f-5efd-4a09-bd07-80cdea346c40/thumbs/1779259073970-sxdw3nu4je.webp
41f89269-c728-4aa2-a0e5-86613f66672d,4431e23f-5efd-4a09-bd07-80cdea346c40,4431e23f-5efd-4a09-bd07-80cdea346c40/1779259345362-ycnhm07x0t.jpg,image,https://zleajzevvhugkwlqlolt.supabase.co/storage/v1/object/public/Photos/4431e23f-5efd-4a09-bd07-80cdea346c40/thumbs/1779259345362-ycnhm07x0t.webp
43897ec3-e5a6-499c-b3c8-94fb024f5873,4431e23f-5efd-4a09-bd07-80cdea346c40,4431e23f-5efd-4a09-bd07-80cdea346c40/1779259521384-y1sc5ksqml.jpg,image,https://zleajzevvhugkwlqlolt.supabase.co/storage/v1/object/public/Photos/4431e23f-5efd-4a09-bd07-80cdea346c40/thumbs/1779259521384-y1sc5ksqml.webp
456d660c-98c4-47b9-93bf-b6764d310ca1,4431e23f-5efd-4a09-bd07-80cdea346c40,4431e23f-5efd-4a09-bd07-80cdea346c40/1779259549078-ac4nd8hy25n.jpg,image,https://zleajzevvhugkwlqlolt.supabase.co/storage/v1/object/public/Photos/4431e23f-5efd-4a09-bd07-80cdea346c40/thumbs/1779259549078-ac4nd8hy25n.webp
45c00cf2-bb4d-4847-aaab-a25617a28d32,d4eac5fe-17d1-449f-8db8-a5f7617ecb80,d4eac5fe-17d1-449f-8db8-a5f7617ecb80/1779899447594-r9qsmircf6.jpg,image,https://zleajzevvhugkwlqlolt.supabase.co/storage/v1/object/public/Photos/d4eac5fe-17d1-449f-8db8-a5f7617ecb80/thumbs/1779899447594-r9qsmircf6.webp
461d255f-4ea2-4dcc-9071-8badef32069e,4431e23f-5efd-4a09-bd07-80cdea346c40,4431e23f-5efd-4a09-bd07-80cdea346c40/1779258938519-775db3lzhyi.jpg,image,https://zleajzevvhugkwlqlolt.supabase.co/storage/v1/object/public/Photos/4431e23f-5efd-4a09-bd07-80cdea346c40/thumbs/1779258938519-775db3lzhyi.webp
49d55a2b-9cb5-4307-b8ce-68637125d25f,d4eac5fe-17d1-449f-8db8-a5f7617ecb80,d4eac5fe-17d1-449f-8db8-a5f7617ecb80/1779909922352-euh61amvqjm.jpg,image,https://zleajzevvhugkwlqlolt.supabase.co/storage/v1/object/public/Photos/d4eac5fe-17d1-449f-8db8-a5f7617ecb80/thumbs/1779909922352-euh61amvqjm.webp
49dc3a9f-5a84-4aad-a437-32be856ed438,75336269-17ea-4371-9dc4-5ae3f5c060d8,75336269-17ea-4371-9dc4-5ae3f5c060d8/1778514261561-zo851g7axw9.jpg,image,null
4add5c51-d881-430f-886d-311f56d0212d,d4eac5fe-17d1-449f-8db8-a5f7617ecb80,d4eac5fe-17d1-449f-8db8-a5f7617ecb80/1779899378058-q7aguy052os.jpg,image,https://zleajzevvhugkwlqlolt.supabase.co/storage/v1/object/public/Photos/d4eac5fe-17d1-449f-8db8-a5f7617ecb80/thumbs/1779899378058-q7aguy052os.webp
4b9d928b-d4be-4c4c-9aa3-e7c962e05e67,4431e23f-5efd-4a09-bd07-80cdea346c40,4431e23f-5efd-4a09-bd07-80cdea346c40/1779258980447-rs9u57v3bvh.jpg,image,https://zleajzevvhugkwlqlolt.supabase.co/storage/v1/object/public/Photos/4431e23f-5efd-4a09-bd07-80cdea346c40/thumbs/1779258980447-rs9u57v3bvh.webp
4cddf2f8-bd44-4c56-954e-f5b3d6c256bf,4431e23f-5efd-4a09-bd07-80cdea346c40,4431e23f-5efd-4a09-bd07-80cdea346c40/1779258978974-kthrqnm0so.jpg,image,https://zleajzevvhugkwlqlolt.supabase.co/storage/v1/object/public/Photos/4431e23f-5efd-4a09-bd07-80cdea346c40/thumbs/1779258978974-kthrqnm0so.webp
4cfa156f-e665-4b0d-832a-c0c13f753cff,291972a9-8459-4c2c-b29f-00d3e7c1a397,291972a9-8459-4c2c-b29f-00d3e7c1a397/1778254481623-iseuatfienn.jpg,image,null
4d4be755-dd19-4837-88fd-60070993afdb,d4eac5fe-17d1-449f-8db8-a5f7617ecb80,d4eac5fe-17d1-449f-8db8-a5f7617ecb80/1779899450546-54b54ryfij6.jpg,image,https://zleajzevvhugkwlqlolt.supabase.co/storage/v1/object/public/Photos/d4eac5fe-17d1-449f-8db8-a5f7617ecb80/thumbs/1779899450546-54b54ryfij6.webp
4facc992-e9d8-4c43-8a0d-fd24a4fe71d8,4431e23f-5efd-4a09-bd07-80cdea346c40,4431e23f-5efd-4a09-bd07-80cdea346c40/1779259546264-p4jzgclph1k.jpg,image,https://zleajzevvhugkwlqlolt.supabase.co/storage/v1/object/public/Photos/4431e23f-5efd-4a09-bd07-80cdea346c40/thumbs/1779259546264-p4jzgclph1k.webp
4fb8d068-788c-4d3b-a236-12a27beccf34,d4eac5fe-17d1-449f-8db8-a5f7617ecb80,d4eac5fe-17d1-449f-8db8-a5f7617ecb80/1779899448345-4tadcpoyfzo.jpg,image,https://zleajzevvhugkwlqlolt.supabase.co/storage/v1/object/public/Photos/d4eac5fe-17d1-449f-8db8-a5f7617ecb80/thumbs/1779899448345-4tadcpoyfzo.webp
505fe0cc-f38a-41ae-854e-ff627d528708,4431e23f-5efd-4a09-bd07-80cdea346c40,4431e23f-5efd-4a09-bd07-80cdea346c40/1779259511728-zo4l1njpco.jpg,image,https://zleajzevvhugkwlqlolt.supabase.co/storage/v1/object/public/Photos/4431e23f-5efd-4a09-bd07-80cdea346c40/thumbs/1779259511728-zo4l1njpco.webp
50760a66-d1bd-4084-a73c-e8c45f65b9d0,d4eac5fe-17d1-449f-8db8-a5f7617ecb80,d4eac5fe-17d1-449f-8db8-a5f7617ecb80/1779909921243-8fh1jgsceuo.jpg,image,https://zleajzevvhugkwlqlolt.supabase.co/storage/v1/object/public/Photos/d4eac5fe-17d1-449f-8db8-a5f7617ecb80/thumbs/1779909921243-8fh1jgsceuo.webp
50775652-002a-4755-a103-11cf3a4fb786,5abf9683-79a8-4b01-9b61-1e8778398211,5abf9683-79a8-4b01-9b61-1e8778398211/1778604117403-xvhtahj6fkm.jpg,image,null
51d1e155-3d9d-492f-9a2f-ced7033e3700,d4eac5fe-17d1-449f-8db8-a5f7617ecb80,d4eac5fe-17d1-449f-8db8-a5f7617ecb80/1779899448449-j8y84iajeq.jpg,image,https://zleajzevvhugkwlqlolt.supabase.co/storage/v1/object/public/Photos/d4eac5fe-17d1-449f-8db8-a5f7617ecb80/thumbs/1779899448449-j8y84iajeq.webp
52c10d51-7f2b-4a81-acf0-8cfb0dbfbb95,d4eac5fe-17d1-449f-8db8-a5f7617ecb80,d4eac5fe-17d1-449f-8db8-a5f7617ecb80/1779909923716-wnho9vyrfsi.jpg,image,https://zleajzevvhugkwlqlolt.supabase.co/storage/v1/object/public/Photos/d4eac5fe-17d1-449f-8db8-a5f7617ecb80/thumbs/1779909923716-wnho9vyrfsi.webp
539fcf96-ca67-4b91-a968-7cf44860aecb,d4eac5fe-17d1-449f-8db8-a5f7617ecb80,d4eac5fe-17d1-449f-8db8-a5f7617ecb80/1779899446512-w1hq6j7kdrr.jpg,image,https://zleajzevvhugkwlqlolt.supabase.co/storage/v1/object/public/Photos/d4eac5fe-17d1-449f-8db8-a5f7617ecb80/thumbs/1779899446512-w1hq6j7kdrr.webp
542236f2-b6eb-4a3f-a9e8-b69dbe773138,4a27f272-52b9-49f1-bee6-deb05b0c572d,4a27f272-52b9-49f1-bee6-deb05b0c572d/1779094635256-cnyoo7cvvrq.jpg,image,null
547bac98-5b0b-4b49-a492-dff8ac55caf3,a75b8272-e399-4699-9a80-54ecc813b577,a75b8272-e399-4699-9a80-54ecc813b577/1777905791285-fdbglp0mj7c.avif,image,null
549fe696-0732-4161-ab5f-c6af51604564,d62211aa-87cd-47f1-984b-6a0561df7736,d62211aa-87cd-47f1-984b-6a0561df7736/1777583064633-kwclgyoh4k.avif,image,null
59d200af-ad00-4f3f-96c9-5dc97e010284,4431e23f-5efd-4a09-bd07-80cdea346c40,4431e23f-5efd-4a09-bd07-80cdea346c40/1779259426275-nl15iyyvudq.jpg,image,https://zleajzevvhugkwlqlolt.supabase.co/storage/v1/object/public/Photos/4431e23f-5efd-4a09-bd07-80cdea346c40/thumbs/1779259426275-nl15iyyvudq.webp
5b309031-f96a-4a7d-9565-32f9b492e28d,4431e23f-5efd-4a09-bd07-80cdea346c40,4431e23f-5efd-4a09-bd07-80cdea346c40/1779259423108-21bd7bg58h3h.jpg,image,https://zleajzevvhugkwlqlolt.supabase.co/storage/v1/object/public/Photos/4431e23f-5efd-4a09-bd07-80cdea346c40/thumbs/1779259423108-21bd7bg58h3h.webp
5bc75b87-9b60-42d9-a1cf-2c13af77af6f,4431e23f-5efd-4a09-bd07-80cdea346c40,4431e23f-5efd-4a09-bd07-80cdea346c40/1779258935760-mp3owtg018c.jpg,image,https://zleajzevvhugkwlqlolt.supabase.co/storage/v1/object/public/Photos/4431e23f-5efd-4a09-bd07-80cdea346c40/thumbs/1779258935760-mp3owtg018c.webp
5e9655d0-b189-4e65-85b7-c83ca7da2732,b5eafa62-8447-453b-8f6f-00b5b619003b,b5eafa62-8447-453b-8f6f-00b5b619003b/1777649345259-8m0td27bwfg.avif,image,null
5fbb4b62-7e7a-43a2-995f-98718fe44174,4431e23f-5efd-4a09-bd07-80cdea346c40,4431e23f-5efd-4a09-bd07-80cdea346c40/1779259575349-w827bnjy31g.jpg,image,https://zleajzevvhugkwlqlolt.supabase.co/storage/v1/object/public/Photos/4431e23f-5efd-4a09-bd07-80cdea346c40/thumbs/1779259575349-w827bnjy31g.webp
6024275c-143b-4cdb-a825-347a7f81064e,4431e23f-5efd-4a09-bd07-80cdea346c40,4431e23f-5efd-4a09-bd07-80cdea346c40/1779259627216-k3lkuxp63l.jpg,image,https://zleajzevvhugkwlqlolt.supabase.co/storage/v1/object/public/Photos/4431e23f-5efd-4a09-bd07-80cdea346c40/thumbs/1779259627216-k3lkuxp63l.webp
60a79df4-0a88-4ae8-a779-d78a5ff6520c,d4eac5fe-17d1-449f-8db8-a5f7617ecb80,d4eac5fe-17d1-449f-8db8-a5f7617ecb80/1779909925885-1h8rrcw5knf.jpg,image,https://zleajzevvhugkwlqlolt.supabase.co/storage/v1/object/public/Photos/d4eac5fe-17d1-449f-8db8-a5f7617ecb80/thumbs/1779909925885-1h8rrcw5knf.webp
615cc43a-29fa-47b5-bf3a-7f906dc4e1e2,d4eac5fe-17d1-449f-8db8-a5f7617ecb80,d4eac5fe-17d1-449f-8db8-a5f7617ecb80/1779909917036-2z98hesdsdm.jpg,image,https://zleajzevvhugkwlqlolt.supabase.co/storage/v1/object/public/Photos/d4eac5fe-17d1-449f-8db8-a5f7617ecb80/thumbs/1779909917036-2z98hesdsdm.webp
6248a8ad-1656-4361-a804-483b1705f8b0,d4eac5fe-17d1-449f-8db8-a5f7617ecb80,d4eac5fe-17d1-449f-8db8-a5f7617ecb80/1779909925171-0nacmt5ajn79.jpg,image,https://zleajzevvhugkwlqlolt.supabase.co/storage/v1/object/public/Photos/d4eac5fe-17d1-449f-8db8-a5f7617ecb80/thumbs/1779909925171-0nacmt5ajn79.webp
6248f3f3-f18f-48f2-9a40-9692a6cf0e55,4431e23f-5efd-4a09-bd07-80cdea346c40,4431e23f-5efd-4a09-bd07-80cdea346c40/1779259317906-p3y5lwgi33.jpg,image,https://zleajzevvhugkwlqlolt.supabase.co/storage/v1/object/public/Photos/4431e23f-5efd-4a09-bd07-80cdea346c40/thumbs/1779259317906-p3y5lwgi33.webp
62581551-2c3f-46e4-a74b-c304a037f506,4431e23f-5efd-4a09-bd07-80cdea346c40,4431e23f-5efd-4a09-bd07-80cdea346c40/1779259511728-r9nnogum4so.jpg,image,https://zleajzevvhugkwlqlolt.supabase.co/storage/v1/object/public/Photos/4431e23f-5efd-4a09-bd07-80cdea346c40/thumbs/1779259511728-r9nnogum4so.webp
62c9d853-9a21-434f-acfa-771e9da6e727,d4eac5fe-17d1-449f-8db8-a5f7617ecb80,d4eac5fe-17d1-449f-8db8-a5f7617ecb80/1779899441270-hcs8huv0qyg.jpg,image,https://zleajzevvhugkwlqlolt.supabase.co/storage/v1/object/public/Photos/d4eac5fe-17d1-449f-8db8-a5f7617ecb80/thumbs/1779899441270-hcs8huv0qyg.webp
62fbf435-04af-482b-a035-914e90104950,4431e23f-5efd-4a09-bd07-80cdea346c40,4431e23f-5efd-4a09-bd07-80cdea346c40/1779259621162-ih0d92ag21.jpg,image,https://zleajzevvhugkwlqlolt.supabase.co/storage/v1/object/public/Photos/4431e23f-5efd-4a09-bd07-80cdea346c40/thumbs/1779259621162-ih0d92ag21.webp
63649e7e-de34-4229-a330-38353ca3f0a5,d4eac5fe-17d1-449f-8db8-a5f7617ecb80,d4eac5fe-17d1-449f-8db8-a5f7617ecb80/1779909931922-ryg2hfi6uaa.jpg,image,https://zleajzevvhugkwlqlolt.supabase.co/storage/v1/object/public/Photos/d4eac5fe-17d1-449f-8db8-a5f7617ecb80/thumbs/1779909931922-ryg2hfi6uaa.webp
66d0f7f4-a246-417e-9783-dd0cfccec5be,4431e23f-5efd-4a09-bd07-80cdea346c40,4431e23f-5efd-4a09-bd07-80cdea346c40/1779259448489-0g9q6pg49me.jpg,image,https://zleajzevvhugkwlqlolt.supabase.co/storage/v1/object/public/Photos/4431e23f-5efd-4a09-bd07-80cdea346c40/thumbs/1779259448489-0g9q6pg49me.webp
6bbc8ab4-b07b-4060-8e31-b25384bdff22,4431e23f-5efd-4a09-bd07-80cdea346c40,4431e23f-5efd-4a09-bd07-80cdea346c40/1779259597263-nxoc6qh20vo.jpg,image,https://zleajzevvhugkwlqlolt.supabase.co/storage/v1/object/public/Photos/4431e23f-5efd-4a09-bd07-80cdea346c40/thumbs/1779259597263-nxoc6qh20vo.webp
6bd260af-3bd6-49e1-a9d5-814f75f1cbc4,4431e23f-5efd-4a09-bd07-80cdea346c40,4431e23f-5efd-4a09-bd07-80cdea346c40/1779276280559-l57g6vjydi.jpg,image,https://zleajzevvhugkwlqlolt.supabase.co/storage/v1/object/public/Photos/4431e23f-5efd-4a09-bd07-80cdea346c40/thumbs/1779276280559-l57g6vjydi.webp
6da334ac-aa61-4fd9-b9b7-a30eb8554941,d4eac5fe-17d1-449f-8db8-a5f7617ecb80,d4eac5fe-17d1-449f-8db8-a5f7617ecb80/1779899449992-3wzbjcdiiye.jpg,image,https://zleajzevvhugkwlqlolt.supabase.co/storage/v1/object/public/Photos/d4eac5fe-17d1-449f-8db8-a5f7617ecb80/thumbs/1779899449992-3wzbjcdiiye.webp
6dddc3f5-a371-4998-8d3b-a0de0c3d8ba6,4431e23f-5efd-4a09-bd07-80cdea346c40,4431e23f-5efd-4a09-bd07-80cdea346c40/1779259310027-cxyi2uom266.jpg,image,https://zleajzevvhugkwlqlolt.supabase.co/storage/v1/object/public/Photos/4431e23f-5efd-4a09-bd07-80cdea346c40/thumbs/1779259310027-cxyi2uom266.webp
6e16447c-7020-4278-84ad-1aa998f0d25a,42609db0-d3b0-4eca-9acf-0c2a2ccd7b37,42609db0-d3b0-4eca-9acf-0c2a2ccd7b37/1777905315655-5js4dwrcj7.jpg,image,null
6e2c91bd-26d7-4dcb-ae9c-ed8584e7961a,4431e23f-5efd-4a09-bd07-80cdea346c40,4431e23f-5efd-4a09-bd07-80cdea346c40/1779258976607-b5h80tfljc.jpg,image,https://zleajzevvhugkwlqlolt.supabase.co/storage/v1/object/public/Photos/4431e23f-5efd-4a09-bd07-80cdea346c40/thumbs/1779258976607-b5h80tfljc.webp
701f1e6a-3b59-4153-a2b5-ea288417d2ba,d4eac5fe-17d1-449f-8db8-a5f7617ecb80,d4eac5fe-17d1-449f-8db8-a5f7617ecb80/1779909934094-gghvdehkgrq.jpg,image,https://zleajzevvhugkwlqlolt.supabase.co/storage/v1/object/public/Photos/d4eac5fe-17d1-449f-8db8-a5f7617ecb80/thumbs/1779909934094-gghvdehkgrq.webp
70b08ba0-ad5b-410e-b311-1134e29cc514,75336269-17ea-4371-9dc4-5ae3f5c060d8,75336269-17ea-4371-9dc4-5ae3f5c060d8/1778514257913-goe2jgxqdqg.jpg,image,null
7254e192-a441-49a4-89d7-bc7611d1ed58,4431e23f-5efd-4a09-bd07-80cdea346c40,4431e23f-5efd-4a09-bd07-80cdea346c40/1779259428746-hm61w26a96i.jpg,image,https://zleajzevvhugkwlqlolt.supabase.co/storage/v1/object/public/Photos/4431e23f-5efd-4a09-bd07-80cdea346c40/thumbs/1779259428746-hm61w26a96i.webp
731d07bd-22b9-4f2d-8c36-c8212e16aebd,d4eac5fe-17d1-449f-8db8-a5f7617ecb80,d4eac5fe-17d1-449f-8db8-a5f7617ecb80/1779909927376-czgofp9181.jpg,image,https://zleajzevvhugkwlqlolt.supabase.co/storage/v1/object/public/Photos/d4eac5fe-17d1-449f-8db8-a5f7617ecb80/thumbs/1779909927376-czgofp9181.webp
73af2374-ab43-4d44-91a6-3e87da3eadc4,4431e23f-5efd-4a09-bd07-80cdea346c40,4431e23f-5efd-4a09-bd07-80cdea346c40/1779259078296-pvpz1vosx1m.jpg,image,https://zleajzevvhugkwlqlolt.supabase.co/storage/v1/object/public/Photos/4431e23f-5efd-4a09-bd07-80cdea346c40/thumbs/1779259078296-pvpz1vosx1m.webp
73b89cdc-458d-423a-841b-eadf9c017972,4431e23f-5efd-4a09-bd07-80cdea346c40,4431e23f-5efd-4a09-bd07-80cdea346c40/1779259366661-iiws75f4uw.jpg,image,https://zleajzevvhugkwlqlolt.supabase.co/storage/v1/object/public/Photos/4431e23f-5efd-4a09-bd07-80cdea346c40/thumbs/1779259366661-iiws75f4uw.webp
749c8290-993a-4bba-ae2c-d7c5569157b2,4431e23f-5efd-4a09-bd07-80cdea346c40,4431e23f-5efd-4a09-bd07-80cdea346c40/1779259342072-4tjmsspwc7.jpg,image,https://zleajzevvhugkwlqlolt.supabase.co/storage/v1/object/public/Photos/4431e23f-5efd-4a09-bd07-80cdea346c40/thumbs/1779259342072-4tjmsspwc7.webp
752e22ca-9dce-42a0-a692-049ee678106d,98699a76-391e-4e79-a120-a52d11b7b8e1,98699a76-391e-4e79-a120-a52d11b7b8e1/1777885053346-ii0otrse7ih.jpg,image,null
76b73e8a-ac54-4315-8bb2-24d172ad3996,4431e23f-5efd-4a09-bd07-80cdea346c40,4431e23f-5efd-4a09-bd07-80cdea346c40/1779259650907-7r3j0a5cojh.jpg,image,null
780ecf50-6a47-44ce-8e0b-521cf88ea7f9,4431e23f-5efd-4a09-bd07-80cdea346c40,4431e23f-5efd-4a09-bd07-80cdea346c40/1779259395187-5eixi4b3jac.jpg,image,https://zleajzevvhugkwlqlolt.supabase.co/storage/v1/object/public/Photos/4431e23f-5efd-4a09-bd07-80cdea346c40/thumbs/1779259395187-5eixi4b3jac.webp
78151e79-be04-40a6-8960-b1d732320395,d4eac5fe-17d1-449f-8db8-a5f7617ecb80,d4eac5fe-17d1-449f-8db8-a5f7617ecb80/1779899444098-tnckoy8fyxf.jpg,image,https://zleajzevvhugkwlqlolt.supabase.co/storage/v1/object/public/Photos/d4eac5fe-17d1-449f-8db8-a5f7617ecb80/thumbs/1779899444098-tnckoy8fyxf.webp
785a13f9-8a20-46c8-a111-927976d64f32,4431e23f-5efd-4a09-bd07-80cdea346c40,4431e23f-5efd-4a09-bd07-80cdea346c40/1779259363411-v6ht819xesg.jpg,image,https://zleajzevvhugkwlqlolt.supabase.co/storage/v1/object/public/Photos/4431e23f-5efd-4a09-bd07-80cdea346c40/thumbs/1779259363411-v6ht819xesg.webp
79427bb5-0420-4f3d-8cd5-f43b2b315f4c,4431e23f-5efd-4a09-bd07-80cdea346c40,4431e23f-5efd-4a09-bd07-80cdea346c40/1779258935760-lqeh0vi4rll.jpg,image,https://zleajzevvhugkwlqlolt.supabase.co/storage/v1/object/public/Photos/4431e23f-5efd-4a09-bd07-80cdea346c40/thumbs/1779258935760-lqeh0vi4rll.webp
7bd0a5a6-292d-4d18-ab2a-0f9d5feb2654,4431e23f-5efd-4a09-bd07-80cdea346c40,4431e23f-5efd-4a09-bd07-80cdea346c40/1779259484389-zbop3gsmt4.jpg,image,https://zleajzevvhugkwlqlolt.supabase.co/storage/v1/object/public/Photos/4431e23f-5efd-4a09-bd07-80cdea346c40/thumbs/1779259484389-zbop3gsmt4.webp
7e44ffe9-cd34-42d5-871f-ef0de27dd741,4431e23f-5efd-4a09-bd07-80cdea346c40,4431e23f-5efd-4a09-bd07-80cdea346c40/1779259448489-j3e22vr0dz.jpg,image,null
7ee308fc-0e3c-4688-be47-d6b583c8c770,4431e23f-5efd-4a09-bd07-80cdea346c40,4431e23f-5efd-4a09-bd07-80cdea346c40/1779258951429-uwnc3e6c3b.jpg,image,https://zleajzevvhugkwlqlolt.supabase.co/storage/v1/object/public/Photos/4431e23f-5efd-4a09-bd07-80cdea346c40/thumbs/1779258951429-uwnc3e6c3b.webp
7f55f4b7-60f2-469a-a5cb-0e2ba9cd4f0f,4431e23f-5efd-4a09-bd07-80cdea346c40,4431e23f-5efd-4a09-bd07-80cdea346c40/1779259546332-jwh33bn4l1i.jpg,image,https://zleajzevvhugkwlqlolt.supabase.co/storage/v1/object/public/Photos/4431e23f-5efd-4a09-bd07-80cdea346c40/thumbs/1779259546332-jwh33bn4l1i.webp
80ebb872-196a-4aab-bf45-f4575e1624e0,4431e23f-5efd-4a09-bd07-80cdea346c40,4431e23f-5efd-4a09-bd07-80cdea346c40/1779258954216-2bz6419mtyk.jpg,image,https://zleajzevvhugkwlqlolt.supabase.co/storage/v1/object/public/Photos/4431e23f-5efd-4a09-bd07-80cdea346c40/thumbs/1779258954216-2bz6419mtyk.webp
840e2313-86e8-4df6-875a-ebf4db0d6e89,767b62ff-92e4-488a-a7a8-34fac655fc54,767b62ff-92e4-488a-a7a8-34fac655fc54/1776704082711-3dz6yow681z.jpg,image,null
8493fa71-b995-4f4f-84b0-5775701f1391,d4eac5fe-17d1-449f-8db8-a5f7617ecb80,d4eac5fe-17d1-449f-8db8-a5f7617ecb80/1779899373208-at4xlywxm98.jpg,image,https://zleajzevvhugkwlqlolt.supabase.co/storage/v1/object/public/Photos/d4eac5fe-17d1-449f-8db8-a5f7617ecb80/thumbs/1779899373208-at4xlywxm98.webp
85f6eeea-6cf5-40e7-a43b-5d94036d539c,4431e23f-5efd-4a09-bd07-80cdea346c40,4431e23f-5efd-4a09-bd07-80cdea346c40/1779258938783-8hcx26ojk6.jpg,image,https://zleajzevvhugkwlqlolt.supabase.co/storage/v1/object/public/Photos/4431e23f-5efd-4a09-bd07-80cdea346c40/thumbs/1779258938783-8hcx26ojk6.webp
87922fd5-479b-473c-b2f5-9ef5cc8cc113,d4eac5fe-17d1-449f-8db8-a5f7617ecb80,d4eac5fe-17d1-449f-8db8-a5f7617ecb80/1779909924222-8agamk7dtx.jpg,image,https://zleajzevvhugkwlqlolt.supabase.co/storage/v1/object/public/Photos/d4eac5fe-17d1-449f-8db8-a5f7617ecb80/thumbs/1779909924222-8agamk7dtx.webp
880b2452-dfe6-4574-ac3e-619fd2bc69f5,4431e23f-5efd-4a09-bd07-80cdea346c40,4431e23f-5efd-4a09-bd07-80cdea346c40/1779259073970-1ze7ma4bkt3.jpg,image,https://zleajzevvhugkwlqlolt.supabase.co/storage/v1/object/public/Photos/4431e23f-5efd-4a09-bd07-80cdea346c40/thumbs/1779259073970-1ze7ma4bkt3.webp
884ca0e8-6768-4828-a9d7-8c660eff71ca,4431e23f-5efd-4a09-bd07-80cdea346c40,4431e23f-5efd-4a09-bd07-80cdea346c40/1779259395617-lsghwgu02l.jpg,image,https://zleajzevvhugkwlqlolt.supabase.co/storage/v1/object/public/Photos/4431e23f-5efd-4a09-bd07-80cdea346c40/thumbs/1779259395617-lsghwgu02l.webp
88cc448e-7560-48c3-bcbf-7e16cea9961f,4431e23f-5efd-4a09-bd07-80cdea346c40,4431e23f-5efd-4a09-bd07-80cdea346c40/1779259342752-ly2atq4ozj.jpg,image,https://zleajzevvhugkwlqlolt.supabase.co/storage/v1/object/public/Photos/4431e23f-5efd-4a09-bd07-80cdea346c40/thumbs/1779259342752-ly2atq4ozj.webp
89040e35-e309-4f1b-807a-d2832beed6eb,d4eac5fe-17d1-449f-8db8-a5f7617ecb80,d4eac5fe-17d1-449f-8db8-a5f7617ecb80/1779899451759-9i95h53x9sp.jpg,image,https://zleajzevvhugkwlqlolt.supabase.co/storage/v1/object/public/Photos/d4eac5fe-17d1-449f-8db8-a5f7617ecb80/thumbs/1779899451759-9i95h53x9sp.webp
89ad7a98-7ae0-4986-971d-701d1c0e6998,4431e23f-5efd-4a09-bd07-80cdea346c40,4431e23f-5efd-4a09-bd07-80cdea346c40/1779259450619-knxtbdjq5q.jpg,image,https://zleajzevvhugkwlqlolt.supabase.co/storage/v1/object/public/Photos/4431e23f-5efd-4a09-bd07-80cdea346c40/thumbs/1779259450619-knxtbdjq5q.webp
8a494de9-77c9-435a-92e6-751437bc3373,d4eac5fe-17d1-449f-8db8-a5f7617ecb80,d4eac5fe-17d1-449f-8db8-a5f7617ecb80/1779909928658-553mi60pcux.jpg,image,https://zleajzevvhugkwlqlolt.supabase.co/storage/v1/object/public/Photos/d4eac5fe-17d1-449f-8db8-a5f7617ecb80/thumbs/1779909928658-553mi60pcux.webp
8ae40031-f81f-44e2-8dc3-520439ac80c8,4431e23f-5efd-4a09-bd07-80cdea346c40,4431e23f-5efd-4a09-bd07-80cdea346c40/1779259521726-blp23fvysq.jpg,image,https://zleajzevvhugkwlqlolt.supabase.co/storage/v1/object/public/Photos/4431e23f-5efd-4a09-bd07-80cdea346c40/thumbs/1779259521726-blp23fvysq.webp
8bab8ed0-fd23-4311-9590-7c1719a56e0d,4431e23f-5efd-4a09-bd07-80cdea346c40,4431e23f-5efd-4a09-bd07-80cdea346c40/1779259310026-ujweeyh0pye.jpg,image,null
8ca883fe-d864-42c5-b1cc-2faa4c6fa95c,d4eac5fe-17d1-449f-8db8-a5f7617ecb80,d4eac5fe-17d1-449f-8db8-a5f7617ecb80/1779899370893-ht6u2y0s1d9.jpg,image,https://zleajzevvhugkwlqlolt.supabase.co/storage/v1/object/public/Photos/d4eac5fe-17d1-449f-8db8-a5f7617ecb80/thumbs/1779899370893-ht6u2y0s1d9.webp
8d6ba7b5-7a41-4467-a43e-7df44bf381e0,d4eac5fe-17d1-449f-8db8-a5f7617ecb80,d4eac5fe-17d1-449f-8db8-a5f7617ecb80/1779899367663-ve0at7uagc.jpg,image,https://zleajzevvhugkwlqlolt.supabase.co/storage/v1/object/public/Photos/d4eac5fe-17d1-449f-8db8-a5f7617ecb80/thumbs/1779899367663-ve0at7uagc.webp
8d837f38-c592-435d-a8d6-2160448b4d45,4431e23f-5efd-4a09-bd07-80cdea346c40,4431e23f-5efd-4a09-bd07-80cdea346c40/1779259627893-ovzo92795d.jpg,image,https://zleajzevvhugkwlqlolt.supabase.co/storage/v1/object/public/Photos/4431e23f-5efd-4a09-bd07-80cdea346c40/thumbs/1779259627893-ovzo92795d.webp
8dc6682c-4a20-4925-b1d2-f5de8b848f9e,4431e23f-5efd-4a09-bd07-80cdea346c40,4431e23f-5efd-4a09-bd07-80cdea346c40/1779259651844-eebm6vkblmh.jpg,image,https://zleajzevvhugkwlqlolt.supabase.co/storage/v1/object/public/Photos/4431e23f-5efd-4a09-bd07-80cdea346c40/thumbs/1779259651844-eebm6vkblmh.webp
8ecbdee4-eb3a-451f-b9fe-4646b6d7fcc1,d4eac5fe-17d1-449f-8db8-a5f7617ecb80,d4eac5fe-17d1-449f-8db8-a5f7617ecb80/1779909931012-xfqg71ls94.jpg,image,https://zleajzevvhugkwlqlolt.supabase.co/storage/v1/object/public/Photos/d4eac5fe-17d1-449f-8db8-a5f7617ecb80/thumbs/1779909931012-xfqg71ls94.webp
8ee0ac58-ae18-4346-af9c-f62e2a4f9d4c,4431e23f-5efd-4a09-bd07-80cdea346c40,4431e23f-5efd-4a09-bd07-80cdea346c40/1779258976201-123uosr5a67.jpg,image,https://zleajzevvhugkwlqlolt.supabase.co/storage/v1/object/public/Photos/4431e23f-5efd-4a09-bd07-80cdea346c40/thumbs/1779258976201-123uosr5a67.webp
900cea39-b6ea-493b-86fc-e994e8a9b2c4,d4eac5fe-17d1-449f-8db8-a5f7617ecb80,d4eac5fe-17d1-449f-8db8-a5f7617ecb80/1779909929954-0d5q1q92xbfr.jpg,image,https://zleajzevvhugkwlqlolt.supabase.co/storage/v1/object/public/Photos/d4eac5fe-17d1-449f-8db8-a5f7617ecb80/thumbs/1779909929954-0d5q1q92xbfr.webp
90afeadd-891b-4c6c-83c2-0a426e1e66f4,e18cd4e4-3d71-456c-b9c3-86c1cacf84f4,e18cd4e4-3d71-456c-b9c3-86c1cacf84f4/1778505000874-dq9k2pgl1i.jpg,image,null
92de0f07-f538-4828-b9c0-4db042b479c7,a0d9ba3a-0453-4887-8f58-af376a1013bd,a0d9ba3a-0453-4887-8f58-af376a1013bd/1778109768728-t1s8x8jud2.jpg,image,null
9338d33a-6672-4b0e-9c03-555255b1687f,d4eac5fe-17d1-449f-8db8-a5f7617ecb80,d4eac5fe-17d1-449f-8db8-a5f7617ecb80/1779899377081-npxf7lsme2.jpg,image,https://zleajzevvhugkwlqlolt.supabase.co/storage/v1/object/public/Photos/d4eac5fe-17d1-449f-8db8-a5f7617ecb80/thumbs/1779899377081-npxf7lsme2.webp
934b39fa-4d2c-4b58-ac31-d968527b0a88,4431e23f-5efd-4a09-bd07-80cdea346c40,4431e23f-5efd-4a09-bd07-80cdea346c40/1779258973415-mdfiqojyv7j.jpg,image,https://zleajzevvhugkwlqlolt.supabase.co/storage/v1/object/public/Photos/4431e23f-5efd-4a09-bd07-80cdea346c40/thumbs/1779258973415-mdfiqojyv7j.webp
94944fa5-69b0-4d10-bfe7-17b002bad84e,a0d9ba3a-0453-4887-8f58-af376a1013bd,a0d9ba3a-0453-4887-8f58-af376a1013bd/1778109768726-6x5f04psmiw.jpg,image,null
965311d8-c700-4862-aee8-cfd48c5436e2,4a27f272-52b9-49f1-bee6-deb05b0c572d,4a27f272-52b9-49f1-bee6-deb05b0c572d/1779094635256-22oxtfmijv.jpg,image,null
97127fad-d7c9-4da9-bfa6-3e7a08969efe,4431e23f-5efd-4a09-bd07-80cdea346c40,4431e23f-5efd-4a09-bd07-80cdea346c40/1779259393214-lnripp0dkhb.jpg,image,https://zleajzevvhugkwlqlolt.supabase.co/storage/v1/object/public/Photos/4431e23f-5efd-4a09-bd07-80cdea346c40/thumbs/1779259393214-lnripp0dkhb.webp
9842b3e3-6d4f-4583-8584-61093e9a1bdf,d60e2238-665a-4d7e-a5ce-1cb71de9ca22,d60e2238-665a-4d7e-a5ce-1cb71de9ca22/1777477182613-9dvjbmlkdwl.jpg,image,null
988ccf75-1249-4218-94d4-1c9f99895381,d4eac5fe-17d1-449f-8db8-a5f7617ecb80,d4eac5fe-17d1-449f-8db8-a5f7617ecb80/1779899456852-eris1p5j7l.jpg,image,https://zleajzevvhugkwlqlolt.supabase.co/storage/v1/object/public/Photos/d4eac5fe-17d1-449f-8db8-a5f7617ecb80/thumbs/1779899456852-eris1p5j7l.webp
9a748a46-f52a-45da-9387-f003d963e163,abdb6b6b-8405-42e3-b024-b4a202a78aec,abdb6b6b-8405-42e3-b024-b4a202a78aec/1778603743844-mxi6lxraa0c.jpg,image,null
9ae882d2-66e8-4f02-adbe-4ebf763bf03f,4431e23f-5efd-4a09-bd07-80cdea346c40,4431e23f-5efd-4a09-bd07-80cdea346c40/1779259648824-8rm9cypnlf.jpg,image,https://zleajzevvhugkwlqlolt.supabase.co/storage/v1/object/public/Photos/4431e23f-5efd-4a09-bd07-80cdea346c40/thumbs/1779259648824-8rm9cypnlf.webp
9ce9efff-3ffe-449f-ba47-d4a878f4ecf0,4431e23f-5efd-4a09-bd07-80cdea346c40,4431e23f-5efd-4a09-bd07-80cdea346c40/1779259487799-wp282tza05j.jpg,image,https://zleajzevvhugkwlqlolt.supabase.co/storage/v1/object/public/Photos/4431e23f-5efd-4a09-bd07-80cdea346c40/thumbs/1779259487799-wp282tza05j.webp
9e30a8d4-a640-416c-a8ae-5e71dc539020,d4eac5fe-17d1-449f-8db8-a5f7617ecb80,d4eac5fe-17d1-449f-8db8-a5f7617ecb80/1779910045343-9h31s4xmsc5.jpg,image,https://zleajzevvhugkwlqlolt.supabase.co/storage/v1/object/public/Photos/d4eac5fe-17d1-449f-8db8-a5f7617ecb80/thumbs/1779910045343-9h31s4xmsc5.webp
9e9c7fb7-a32a-4521-a90d-bbe12fa1479f,d4eac5fe-17d1-449f-8db8-a5f7617ecb80,d4eac5fe-17d1-449f-8db8-a5f7617ecb80/1779909922984-0d5my1mvmped.jpg,image,https://zleajzevvhugkwlqlolt.supabase.co/storage/v1/object/public/Photos/d4eac5fe-17d1-449f-8db8-a5f7617ecb80/thumbs/1779909922984-0d5my1mvmped.webp
9eb5e913-17b5-40e0-a261-1851b46522d6,4431e23f-5efd-4a09-bd07-80cdea346c40,4431e23f-5efd-4a09-bd07-80cdea346c40/1779258953769-s6f7gfz93xc.jpg,image,https://zleajzevvhugkwlqlolt.supabase.co/storage/v1/object/public/Photos/4431e23f-5efd-4a09-bd07-80cdea346c40/thumbs/1779258953769-s6f7gfz93xc.webp
a0f3598a-9c52-43ca-be43-9ba8a58aa3db,4431e23f-5efd-4a09-bd07-80cdea346c40,4431e23f-5efd-4a09-bd07-80cdea346c40/1779259365287-ljyx4zhd3p.jpg,image,https://zleajzevvhugkwlqlolt.supabase.co/storage/v1/object/public/Photos/4431e23f-5efd-4a09-bd07-80cdea346c40/thumbs/1779259365287-ljyx4zhd3p.webp
a1bc3e84-24f0-47ae-977b-b61ebf0b46c7,4431e23f-5efd-4a09-bd07-80cdea346c40,4431e23f-5efd-4a09-bd07-80cdea346c40/1779259653489-aj56kpkood9.jpg,image,https://zleajzevvhugkwlqlolt.supabase.co/storage/v1/object/public/Photos/4431e23f-5efd-4a09-bd07-80cdea346c40/thumbs/1779259653489-aj56kpkood9.webp
a20c9ee2-781d-4be9-98de-c8a9e5386e46,d4eac5fe-17d1-449f-8db8-a5f7617ecb80,d4eac5fe-17d1-449f-8db8-a5f7617ecb80/1779899441270-jas5kwir9ed.jpg,image,https://zleajzevvhugkwlqlolt.supabase.co/storage/v1/object/public/Photos/d4eac5fe-17d1-449f-8db8-a5f7617ecb80/thumbs/1779899441270-jas5kwir9ed.webp
a47d67e7-e59d-45a4-a1cc-7c499c927fd2,4431e23f-5efd-4a09-bd07-80cdea346c40,4431e23f-5efd-4a09-bd07-80cdea346c40/1779259484338-rwndo65hi1s.jpg,image,https://zleajzevvhugkwlqlolt.supabase.co/storage/v1/object/public/Photos/4431e23f-5efd-4a09-bd07-80cdea346c40/thumbs/1779259484338-rwndo65hi1s.webp
a48ac8a1-167b-437c-927d-ef20606d08c2,abdb6b6b-8405-42e3-b024-b4a202a78aec,abdb6b6b-8405-42e3-b024-b4a202a78aec/1778603746506-ofu0yg0xuth.jpg,image,null
a4add3fb-c618-480e-9e61-9fae39145a27,4431e23f-5efd-4a09-bd07-80cdea346c40,4431e23f-5efd-4a09-bd07-80cdea346c40/1779259480798-irbnhmlst1d.jpg,image,https://zleajzevvhugkwlqlolt.supabase.co/storage/v1/object/public/Photos/4431e23f-5efd-4a09-bd07-80cdea346c40/thumbs/1779259480798-irbnhmlst1d.webp
a6042563-abcf-4e49-8a7e-d475b4461575,4431e23f-5efd-4a09-bd07-80cdea346c40,4431e23f-5efd-4a09-bd07-80cdea346c40/1779259423108-8rm7xmbm9f6.jpg,image,https://zleajzevvhugkwlqlolt.supabase.co/storage/v1/object/public/Photos/4431e23f-5efd-4a09-bd07-80cdea346c40/thumbs/1779259423108-8rm7xmbm9f6.webp
a6ffd821-e77f-43bb-892c-8f18ac233bc0,4431e23f-5efd-4a09-bd07-80cdea346c40,4431e23f-5efd-4a09-bd07-80cdea346c40/1779259624614-9dzc7bxuvsp.jpg,image,https://zleajzevvhugkwlqlolt.supabase.co/storage/v1/object/public/Photos/4431e23f-5efd-4a09-bd07-80cdea346c40/thumbs/1779259624614-9dzc7bxuvsp.webp
a8ac243e-4b80-4a90-bfd0-adb2d164b54d,d4eac5fe-17d1-449f-8db8-a5f7617ecb80,d4eac5fe-17d1-449f-8db8-a5f7617ecb80/1779909929269-s4f04owi6xb.jpg,image,https://zleajzevvhugkwlqlolt.supabase.co/storage/v1/object/public/Photos/d4eac5fe-17d1-449f-8db8-a5f7617ecb80/thumbs/1779909929269-s4f04owi6xb.webp
a8ea7848-52b0-4453-be86-270e2cf10835,291972a9-8459-4c2c-b29f-00d3e7c1a397,291972a9-8459-4c2c-b29f-00d3e7c1a397/1778254481621-gk46earwmtj.png,image,null
ab436c31-95ca-4db2-8fc4-52cce0293f45,4431e23f-5efd-4a09-bd07-80cdea346c40,4431e23f-5efd-4a09-bd07-80cdea346c40/1779258973976-v81pew1xnse.jpg,image,https://zleajzevvhugkwlqlolt.supabase.co/storage/v1/object/public/Photos/4431e23f-5efd-4a09-bd07-80cdea346c40/thumbs/1779258973976-v81pew1xnse.webp
abe7ba07-eb0c-4266-be24-b72185a2038a,d60e2238-665a-4d7e-a5ce-1cb71de9ca22,d60e2238-665a-4d7e-a5ce-1cb71de9ca22/1777477184547-525edu3y9mr.webp,image,null
ac20adbb-e24d-4252-80a2-c7742294b58e,4431e23f-5efd-4a09-bd07-80cdea346c40,4431e23f-5efd-4a09-bd07-80cdea346c40/1779259648824-ayipmbzouct.jpg,image,https://zleajzevvhugkwlqlolt.supabase.co/storage/v1/object/public/Photos/4431e23f-5efd-4a09-bd07-80cdea346c40/thumbs/1779259648824-ayipmbzouct.webp
ac4a4bcd-8a91-4e67-b441-622a6237beee,4431e23f-5efd-4a09-bd07-80cdea346c40,4431e23f-5efd-4a09-bd07-80cdea346c40/1779259600856-hhw29onhw6v.jpg,image,https://zleajzevvhugkwlqlolt.supabase.co/storage/v1/object/public/Photos/4431e23f-5efd-4a09-bd07-80cdea346c40/thumbs/1779259600856-hhw29onhw6v.webp
ac89ef26-36c7-42ab-9229-385486898510,4431e23f-5efd-4a09-bd07-80cdea346c40,4431e23f-5efd-4a09-bd07-80cdea346c40/1779259600817-7jj2lsy5c73.jpg,image,https://zleajzevvhugkwlqlolt.supabase.co/storage/v1/object/public/Photos/4431e23f-5efd-4a09-bd07-80cdea346c40/thumbs/1779259600817-7jj2lsy5c73.webp
accdf4e7-3ad7-4827-a2d9-04431ab57c4c,4431e23f-5efd-4a09-bd07-80cdea346c40,4431e23f-5efd-4a09-bd07-80cdea346c40/1779258952262-u312rit2yo.jpg,image,https://zleajzevvhugkwlqlolt.supabase.co/storage/v1/object/public/Photos/4431e23f-5efd-4a09-bd07-80cdea346c40/thumbs/1779258952262-u312rit2yo.webp
ada44566-c4c0-460a-9250-98fd81f01a48,4431e23f-5efd-4a09-bd07-80cdea346c40,4431e23f-5efd-4a09-bd07-80cdea346c40/1779259600645-jxojcx9gq0a.jpg,image,https://zleajzevvhugkwlqlolt.supabase.co/storage/v1/object/public/Photos/4431e23f-5efd-4a09-bd07-80cdea346c40/thumbs/1779259600645-jxojcx9gq0a.webp
aeb9e4a2-07fe-45cb-8c52-a1dca062a2ed,d4eac5fe-17d1-449f-8db8-a5f7617ecb80,d4eac5fe-17d1-449f-8db8-a5f7617ecb80/1779909917039-d1ea39mz61p.jpg,image,https://zleajzevvhugkwlqlolt.supabase.co/storage/v1/object/public/Photos/d4eac5fe-17d1-449f-8db8-a5f7617ecb80/thumbs/1779909917039-d1ea39mz61p.webp
afa6f91c-9bb2-48e5-88e0-627b54d47168,544a7e46-9f82-48fd-a82b-59b7fefe12d2,544a7e46-9f82-48fd-a82b-59b7fefe12d2/1778773817283-jvhsj069y.jpg,image,null
b11462b1-7864-4330-a9f0-78954a2edbf6,d4eac5fe-17d1-449f-8db8-a5f7617ecb80,d4eac5fe-17d1-449f-8db8-a5f7617ecb80/1779909927241-xjhhtmrg0q.jpg,image,https://zleajzevvhugkwlqlolt.supabase.co/storage/v1/object/public/Photos/d4eac5fe-17d1-449f-8db8-a5f7617ecb80/thumbs/1779909927241-xjhhtmrg0q.webp
b1cd6960-6871-4e94-9b9e-a00f2f0d3e39,4431e23f-5efd-4a09-bd07-80cdea346c40,4431e23f-5efd-4a09-bd07-80cdea346c40/1779258999232-vqrs1io29sl.jpg,image,https://zleajzevvhugkwlqlolt.supabase.co/storage/v1/object/public/Photos/4431e23f-5efd-4a09-bd07-80cdea346c40/thumbs/1779258999232-vqrs1io29sl.webp
b3f49616-8736-4d4d-bbb6-105098293a9c,4431e23f-5efd-4a09-bd07-80cdea346c40,4431e23f-5efd-4a09-bd07-80cdea346c40/1779259339118-fyx5jnzezl4.jpg,image,https://zleajzevvhugkwlqlolt.supabase.co/storage/v1/object/public/Photos/4431e23f-5efd-4a09-bd07-80cdea346c40/thumbs/1779259339118-fyx5jnzezl4.webp
b48a8644-7231-4980-b0a2-1bab4d6e38e6,4431e23f-5efd-4a09-bd07-80cdea346c40,4431e23f-5efd-4a09-bd07-80cdea346c40/1779259621162-7rfifofsqp9.jpg,image,https://zleajzevvhugkwlqlolt.supabase.co/storage/v1/object/public/Photos/4431e23f-5efd-4a09-bd07-80cdea346c40/thumbs/1779259621162-7rfifofsqp9.webp
b4ccb6c5-0aa7-4bb7-babc-2de290e7592d,4431e23f-5efd-4a09-bd07-80cdea346c40,4431e23f-5efd-4a09-bd07-80cdea346c40/1779258979992-ihcblmjzv9.jpg,image,https://zleajzevvhugkwlqlolt.supabase.co/storage/v1/object/public/Photos/4431e23f-5efd-4a09-bd07-80cdea346c40/thumbs/1779258979992-ihcblmjzv9.webp
b4fa93ed-8942-4492-abe4-914f21814dd9,4431e23f-5efd-4a09-bd07-80cdea346c40,4431e23f-5efd-4a09-bd07-80cdea346c40/1779259426973-r7d1fhqdslo.jpg,image,https://zleajzevvhugkwlqlolt.supabase.co/storage/v1/object/public/Photos/4431e23f-5efd-4a09-bd07-80cdea346c40/thumbs/1779259426973-r7d1fhqdslo.webp
b543c84f-b394-47f1-9213-679395ebb8fb,4431e23f-5efd-4a09-bd07-80cdea346c40,4431e23f-5efd-4a09-bd07-80cdea346c40/1779258999231-lxntju3eq5b.jpg,image,https://zleajzevvhugkwlqlolt.supabase.co/storage/v1/object/public/Photos/4431e23f-5efd-4a09-bd07-80cdea346c40/thumbs/1779258999231-lxntju3eq5b.webp
b5a348bc-9243-4322-bcea-ff258fe50d24,4431e23f-5efd-4a09-bd07-80cdea346c40,4431e23f-5efd-4a09-bd07-80cdea346c40/1779259654013-jtrgqv4enta.jpg,image,https://zleajzevvhugkwlqlolt.supabase.co/storage/v1/object/public/Photos/4431e23f-5efd-4a09-bd07-80cdea346c40/thumbs/1779259654013-jtrgqv4enta.webp
b68ad60f-7b69-4fc4-a5bf-3869b5577272,dc71cf15-1cd6-4834-8db9-62ba00e0e19d,dc71cf15-1cd6-4834-8db9-62ba00e0e19d/1778511669504-dwkcdyfulhh.png,image,null
b74c0048-8157-497c-a066-f7b80c8405d1,4431e23f-5efd-4a09-bd07-80cdea346c40,4431e23f-5efd-4a09-bd07-80cdea346c40/1779258937494-v1i3jhh462o.jpg,image,https://zleajzevvhugkwlqlolt.supabase.co/storage/v1/object/public/Photos/4431e23f-5efd-4a09-bd07-80cdea346c40/thumbs/1779258937494-v1i3jhh462o.webp
b836bf84-ce59-440d-bbbe-2d6e7c9b80b1,d4eac5fe-17d1-449f-8db8-a5f7617ecb80,d4eac5fe-17d1-449f-8db8-a5f7617ecb80/1779899453405-7awu57614rr.jpg,image,https://zleajzevvhugkwlqlolt.supabase.co/storage/v1/object/public/Photos/d4eac5fe-17d1-449f-8db8-a5f7617ecb80/thumbs/1779899453405-7awu57614rr.webp
ba4039f7-3f0e-4ab5-a540-0b8b1a0e9714,7e524421-97ef-4d2d-a177-910d84af8b71,7e524421-97ef-4d2d-a177-910d84af8b71/1777897948297-gmcgaeck5hc.jpg,image,null
ba60cc38-645f-4be3-9d3e-c04e3a24f316,4431e23f-5efd-4a09-bd07-80cdea346c40,4431e23f-5efd-4a09-bd07-80cdea346c40/1779259369607-lprj9jrn8i.jpg,image,https://zleajzevvhugkwlqlolt.supabase.co/storage/v1/object/public/Photos/4431e23f-5efd-4a09-bd07-80cdea346c40/thumbs/1779259369607-lprj9jrn8i.webp
bc5519d3-f7a7-499f-a413-62d4cb20fd14,d4eac5fe-17d1-449f-8db8-a5f7617ecb80,d4eac5fe-17d1-449f-8db8-a5f7617ecb80/1779909917038-qydtezxsws.jpg,image,https://zleajzevvhugkwlqlolt.supabase.co/storage/v1/object/public/Photos/d4eac5fe-17d1-449f-8db8-a5f7617ecb80/thumbs/1779909917038-qydtezxsws.webp
bc8ee843-0be1-4878-a06c-2ba6cb4d4dea,4431e23f-5efd-4a09-bd07-80cdea346c40,4431e23f-5efd-4a09-bd07-80cdea346c40/1779259549289-n9x5cf4v9dq.jpg,image,https://zleajzevvhugkwlqlolt.supabase.co/storage/v1/object/public/Photos/4431e23f-5efd-4a09-bd07-80cdea346c40/thumbs/1779259549289-n9x5cf4v9dq.webp
be27925d-5f91-435a-be96-436a92a2bf59,d4eac5fe-17d1-449f-8db8-a5f7617ecb80,d4eac5fe-17d1-449f-8db8-a5f7617ecb80/1779899441270-qlma0k9ekdd.jpg,image,https://zleajzevvhugkwlqlolt.supabase.co/storage/v1/object/public/Photos/d4eac5fe-17d1-449f-8db8-a5f7617ecb80/thumbs/1779899441270-qlma0k9ekdd.webp
bef3eb76-e309-4736-9afc-fccf517c4e1f,4431e23f-5efd-4a09-bd07-80cdea346c40,4431e23f-5efd-4a09-bd07-80cdea346c40/1779259575871-vom3q5sjtt.jpg,image,https://zleajzevvhugkwlqlolt.supabase.co/storage/v1/object/public/Photos/4431e23f-5efd-4a09-bd07-80cdea346c40/thumbs/1779259575871-vom3q5sjtt.webp
bf33500f-a3ce-401d-a1ce-6caa82dc7608,4431e23f-5efd-4a09-bd07-80cdea346c40,4431e23f-5efd-4a09-bd07-80cdea346c40/1779259083242-ga527u94q49.jpg,image,https://zleajzevvhugkwlqlolt.supabase.co/storage/v1/object/public/Photos/4431e23f-5efd-4a09-bd07-80cdea346c40/thumbs/1779259083242-ga527u94q49.webp
bf9a322d-b873-4cfc-9a76-eb8f2ae5a418,4431e23f-5efd-4a09-bd07-80cdea346c40,4431e23f-5efd-4a09-bd07-80cdea346c40/1779259480798-8gf01mw5fnf.jpg,image,https://zleajzevvhugkwlqlolt.supabase.co/storage/v1/object/public/Photos/4431e23f-5efd-4a09-bd07-80cdea346c40/thumbs/1779259480798-8gf01mw5fnf.webp
c0895d94-6444-40bb-a6bf-86383915349d,4431e23f-5efd-4a09-bd07-80cdea346c40,4431e23f-5efd-4a09-bd07-80cdea346c40/1779259455081-va39o4yjkyq.jpg,image,https://zleajzevvhugkwlqlolt.supabase.co/storage/v1/object/public/Photos/4431e23f-5efd-4a09-bd07-80cdea346c40/thumbs/1779259455081-va39o4yjkyq.webp
c2507c7b-bb26-4d24-ad48-6c3082b4eca8,d4eac5fe-17d1-449f-8db8-a5f7617ecb80,d4eac5fe-17d1-449f-8db8-a5f7617ecb80/1779909934834-fzurikntv0h.jpg,image,https://zleajzevvhugkwlqlolt.supabase.co/storage/v1/object/public/Photos/d4eac5fe-17d1-449f-8db8-a5f7617ecb80/thumbs/1779909934834-fzurikntv0h.webp
c2b2f975-ce2c-4024-9aa5-d3e57373af67,4431e23f-5efd-4a09-bd07-80cdea346c40,4431e23f-5efd-4a09-bd07-80cdea346c40/1779258952853-w5lpax9j7d.jpg,image,https://zleajzevvhugkwlqlolt.supabase.co/storage/v1/object/public/Photos/4431e23f-5efd-4a09-bd07-80cdea346c40/thumbs/1779258952853-w5lpax9j7d.webp
c2df9386-cafa-416c-a763-bb94f2bb49ea,4431e23f-5efd-4a09-bd07-80cdea346c40,4431e23f-5efd-4a09-bd07-80cdea346c40/1779259572881-u0xxn84821a.jpg,image,https://zleajzevvhugkwlqlolt.supabase.co/storage/v1/object/public/Photos/4431e23f-5efd-4a09-bd07-80cdea346c40/thumbs/1779259572881-u0xxn84821a.webp
c356b0c5-e735-4642-bd74-492b8849913c,4431e23f-5efd-4a09-bd07-80cdea346c40,4431e23f-5efd-4a09-bd07-80cdea346c40/1779259573627-9vrx3te1d1.jpg,image,https://zleajzevvhugkwlqlolt.supabase.co/storage/v1/object/public/Photos/4431e23f-5efd-4a09-bd07-80cdea346c40/thumbs/1779259573627-9vrx3te1d1.webp
c581eb75-2008-438b-b877-43cdda16b04e,e18cd4e4-3d71-456c-b9c3-86c1cacf84f4,e18cd4e4-3d71-456c-b9c3-86c1cacf84f4/1778505000883-qtnyxogj7s.png,image,null
c7436945-533e-45fd-9158-8e7ee1577c01,d4eac5fe-17d1-449f-8db8-a5f7617ecb80,d4eac5fe-17d1-449f-8db8-a5f7617ecb80/1779899444062-urhsjqrg2zi.jpg,image,https://zleajzevvhugkwlqlolt.supabase.co/storage/v1/object/public/Photos/d4eac5fe-17d1-449f-8db8-a5f7617ecb80/thumbs/1779899444062-urhsjqrg2zi.webp
c76bf776-8ec4-4258-be54-f13b9a6792bd,4a27f272-52b9-49f1-bee6-deb05b0c572d,4a27f272-52b9-49f1-bee6-deb05b0c572d/1779094635256-tu00n21j9rq.jpg,image,null
c93a0f54-6bca-4aa4-8c9e-af0467717567,4431e23f-5efd-4a09-bd07-80cdea346c40,4431e23f-5efd-4a09-bd07-80cdea346c40/1779259593937-i5eiyblt7vj.jpg,image,https://zleajzevvhugkwlqlolt.supabase.co/storage/v1/object/public/Photos/4431e23f-5efd-4a09-bd07-80cdea346c40/thumbs/1779259593937-i5eiyblt7vj.webp
c97b3676-4315-447f-a294-76b40ed4189b,d4eac5fe-17d1-449f-8db8-a5f7617ecb80,d4eac5fe-17d1-449f-8db8-a5f7617ecb80/1779899454868-658cr2cjegq.jpg,image,https://zleajzevvhugkwlqlolt.supabase.co/storage/v1/object/public/Photos/d4eac5fe-17d1-449f-8db8-a5f7617ecb80/thumbs/1779899454868-658cr2cjegq.webp
c98d2f1c-80a6-4302-a742-91ba5a0b229e,4431e23f-5efd-4a09-bd07-80cdea346c40,4431e23f-5efd-4a09-bd07-80cdea346c40/1779259369451-7ottp2nbx0o.jpg,image,https://zleajzevvhugkwlqlolt.supabase.co/storage/v1/object/public/Photos/4431e23f-5efd-4a09-bd07-80cdea346c40/thumbs/1779259369451-7ottp2nbx0o.webp
cb0af715-46cd-49c1-96a9-3afa8aefec2b,d4eac5fe-17d1-449f-8db8-a5f7617ecb80,d4eac5fe-17d1-449f-8db8-a5f7617ecb80/1779899378066-ajmud92yf2c.jpg,image,https://zleajzevvhugkwlqlolt.supabase.co/storage/v1/object/public/Photos/d4eac5fe-17d1-449f-8db8-a5f7617ecb80/thumbs/1779899378066-ajmud92yf2c.webp
ce5e56e1-56a4-4fd2-8907-f082682b8d6e,d4eac5fe-17d1-449f-8db8-a5f7617ecb80,d4eac5fe-17d1-449f-8db8-a5f7617ecb80/1779899372332-gsfpc10ao9j.jpg,image,https://zleajzevvhugkwlqlolt.supabase.co/storage/v1/object/public/Photos/d4eac5fe-17d1-449f-8db8-a5f7617ecb80/thumbs/1779899372332-gsfpc10ao9j.webp
cf70c346-f971-4d1a-98a2-7791704d81b6,d4eac5fe-17d1-449f-8db8-a5f7617ecb80,d4eac5fe-17d1-449f-8db8-a5f7617ecb80/1779909920546-fxgaaniq0r.jpg,image,https://zleajzevvhugkwlqlolt.supabase.co/storage/v1/object/public/Photos/d4eac5fe-17d1-449f-8db8-a5f7617ecb80/thumbs/1779909920546-fxgaaniq0r.webp
d1018921-0f0a-4afb-b8cd-060c6e430c6a,4431e23f-5efd-4a09-bd07-80cdea346c40,4431e23f-5efd-4a09-bd07-80cdea346c40/1779259511728-qtnn9jmbrc8.jpg,image,https://zleajzevvhugkwlqlolt.supabase.co/storage/v1/object/public/Photos/4431e23f-5efd-4a09-bd07-80cdea346c40/thumbs/1779259511728-qtnn9jmbrc8.webp
d30c504c-9b33-40d4-be0b-27a4184de9d2,4431e23f-5efd-4a09-bd07-80cdea346c40,4431e23f-5efd-4a09-bd07-80cdea346c40/1779259546873-7ybweo9ez9k.jpg,image,https://zleajzevvhugkwlqlolt.supabase.co/storage/v1/object/public/Photos/4431e23f-5efd-4a09-bd07-80cdea346c40/thumbs/1779259546873-7ybweo9ez9k.webp
d40f451b-d1b7-4364-81f4-bacb638ffd2b,75336269-17ea-4371-9dc4-5ae3f5c060d8,75336269-17ea-4371-9dc4-5ae3f5c060d8/1778514272532-e4rg9pdip2n.jpg,image,null
d442980d-9e46-4109-aaf2-30c8a9c34c26,a75b8272-e399-4699-9a80-54ecc813b577,a75b8272-e399-4699-9a80-54ecc813b577/1777905789692-4mjg3qfw242.webp,image,null
d4d26a99-cbdf-4616-96c9-e7ed6b9985aa,d4eac5fe-17d1-449f-8db8-a5f7617ecb80,d4eac5fe-17d1-449f-8db8-a5f7617ecb80/1779899372333-sb7lcpl734b.jpg,image,https://zleajzevvhugkwlqlolt.supabase.co/storage/v1/object/public/Photos/d4eac5fe-17d1-449f-8db8-a5f7617ecb80/thumbs/1779899372333-sb7lcpl734b.webp
d5482bcd-e72c-41e1-8204-162d6d2c9979,4431e23f-5efd-4a09-bd07-80cdea346c40,4431e23f-5efd-4a09-bd07-80cdea346c40/1779259593937-ld879po5oh.jpg,image,https://zleajzevvhugkwlqlolt.supabase.co/storage/v1/object/public/Photos/4431e23f-5efd-4a09-bd07-80cdea346c40/thumbs/1779259593937-ld879po5oh.webp
d5d97285-3f60-427c-ad02-eebd7b5f8972,4431e23f-5efd-4a09-bd07-80cdea346c40,4431e23f-5efd-4a09-bd07-80cdea346c40/1779259315148-sp16l8ceaxa.jpg,image,https://zleajzevvhugkwlqlolt.supabase.co/storage/v1/object/public/Photos/4431e23f-5efd-4a09-bd07-80cdea346c40/thumbs/1779259315148-sp16l8ceaxa.webp
d76f222e-1d6f-4f61-b90b-9631ba2df2b8,4431e23f-5efd-4a09-bd07-80cdea346c40,4431e23f-5efd-4a09-bd07-80cdea346c40/1779259073970-yvnntv86ai.jpg,image,https://zleajzevvhugkwlqlolt.supabase.co/storage/v1/object/public/Photos/4431e23f-5efd-4a09-bd07-80cdea346c40/thumbs/1779259073970-yvnntv86ai.webp
da836110-0924-4a69-ab82-38b8065b91a0,d4eac5fe-17d1-449f-8db8-a5f7617ecb80,d4eac5fe-17d1-449f-8db8-a5f7617ecb80/1779899375324-ch3g5fdokue.jpg,image,https://zleajzevvhugkwlqlolt.supabase.co/storage/v1/object/public/Photos/d4eac5fe-17d1-449f-8db8-a5f7617ecb80/thumbs/1779899375324-ch3g5fdokue.webp
dade3988-96ef-4be1-93c9-1f76ca7f8824,4431e23f-5efd-4a09-bd07-80cdea346c40,4431e23f-5efd-4a09-bd07-80cdea346c40/1779259487255-815ewxcm556.jpg,image,https://zleajzevvhugkwlqlolt.supabase.co/storage/v1/object/public/Photos/4431e23f-5efd-4a09-bd07-80cdea346c40/thumbs/1779259487255-815ewxcm556.webp
dafc2ad9-e9c4-4a52-b481-9d9ae3e84798,d4eac5fe-17d1-449f-8db8-a5f7617ecb80,d4eac5fe-17d1-449f-8db8-a5f7617ecb80/1779909920339-dlcmjtw66w5.jpg,image,https://zleajzevvhugkwlqlolt.supabase.co/storage/v1/object/public/Photos/d4eac5fe-17d1-449f-8db8-a5f7617ecb80/thumbs/1779909920339-dlcmjtw66w5.webp
db0f1448-6a2c-4d25-905c-c3e6b1278159,d4eac5fe-17d1-449f-8db8-a5f7617ecb80,d4eac5fe-17d1-449f-8db8-a5f7617ecb80/1779909925097-a3jtmmqlxpe.jpg,image,https://zleajzevvhugkwlqlolt.supabase.co/storage/v1/object/public/Photos/d4eac5fe-17d1-449f-8db8-a5f7617ecb80/thumbs/1779909925097-a3jtmmqlxpe.webp
db123b5a-cc4c-4d0d-b09a-c8848d485f1d,d4eac5fe-17d1-449f-8db8-a5f7617ecb80,d4eac5fe-17d1-449f-8db8-a5f7617ecb80/1779899445819-yzqhf9c2n6.jpg,image,https://zleajzevvhugkwlqlolt.supabase.co/storage/v1/object/public/Photos/d4eac5fe-17d1-449f-8db8-a5f7617ecb80/thumbs/1779899445819-yzqhf9c2n6.webp
dbbf7238-f488-4153-82b7-64351d7503f2,d4eac5fe-17d1-449f-8db8-a5f7617ecb80,d4eac5fe-17d1-449f-8db8-a5f7617ecb80/1779909933494-g8makbo2xbq.jpg,image,https://zleajzevvhugkwlqlolt.supabase.co/storage/v1/object/public/Photos/d4eac5fe-17d1-449f-8db8-a5f7617ecb80/thumbs/1779909933494-g8makbo2xbq.webp
dc2b1be5-9bf5-4f88-b1fd-b5bc8c99f812,4431e23f-5efd-4a09-bd07-80cdea346c40,4431e23f-5efd-4a09-bd07-80cdea346c40/1779259345811-dq93z0fw4br.jpg,image,https://zleajzevvhugkwlqlolt.supabase.co/storage/v1/object/public/Photos/4431e23f-5efd-4a09-bd07-80cdea346c40/thumbs/1779259345811-dq93z0fw4br.webp
dc4230c1-bc24-40d6-bf18-395fc23818f9,8da753a3-4b36-4ab0-8b12-2f08905e06b5,8da753a3-4b36-4ab0-8b12-2f08905e06b5/1777905338390-y3cfjzh2oj.jpg,image,null
dde94217-aebc-40d1-a020-5a5b72a68dfb,f62ba7cd-b0d0-4da0-922e-3ee530f37223,f62ba7cd-b0d0-4da0-922e-3ee530f37223/1777906156878-mso859h96f.jpg,image,null
de490ac3-9d86-47e4-989a-878ada76c910,4431e23f-5efd-4a09-bd07-80cdea346c40,4431e23f-5efd-4a09-bd07-80cdea346c40/1779259453695-8sqzrv739jl.jpg,image,https://zleajzevvhugkwlqlolt.supabase.co/storage/v1/object/public/Photos/4431e23f-5efd-4a09-bd07-80cdea346c40/thumbs/1779259453695-8sqzrv739jl.webp
e0eb0383-705e-4fec-8815-fd3c4ddd72cb,4431e23f-5efd-4a09-bd07-80cdea346c40,4431e23f-5efd-4a09-bd07-80cdea346c40/1779259577770-y6aou4sbpw.jpg,image,https://zleajzevvhugkwlqlolt.supabase.co/storage/v1/object/public/Photos/4431e23f-5efd-4a09-bd07-80cdea346c40/thumbs/1779259577770-y6aou4sbpw.webp
e2893544-1cd8-4742-81f2-b53357ccfa3b,4431e23f-5efd-4a09-bd07-80cdea346c40,4431e23f-5efd-4a09-bd07-80cdea346c40/1779259621162-wzorhu9yco.jpg,image,https://zleajzevvhugkwlqlolt.supabase.co/storage/v1/object/public/Photos/4431e23f-5efd-4a09-bd07-80cdea346c40/thumbs/1779259621162-wzorhu9yco.webp
e2a72435-61e8-4ea2-951e-e2845fa80f41,d4eac5fe-17d1-449f-8db8-a5f7617ecb80,d4eac5fe-17d1-449f-8db8-a5f7617ecb80/1779899453011-o8gx91yk32.jpg,image,https://zleajzevvhugkwlqlolt.supabase.co/storage/v1/object/public/Photos/d4eac5fe-17d1-449f-8db8-a5f7617ecb80/thumbs/1779899453011-o8gx91yk32.webp
e2d638d6-dfe5-4ffb-8a35-ee8225ee07f1,dc71cf15-1cd6-4834-8db9-62ba00e0e19d,dc71cf15-1cd6-4834-8db9-62ba00e0e19d/1778511690908-dssiil80jx8.jpg,image,null
e5a07f61-24c3-4405-8b76-49a602d7bee6,077e6fc1-3275-4beb-bccb-39ecafe4976d,077e6fc1-3275-4beb-bccb-39ecafe4976d/1776698429803-6yupg66ynyf.png,image,null
e6062ebd-9e96-4436-9f6f-e9e1680ce563,4431e23f-5efd-4a09-bd07-80cdea346c40,4431e23f-5efd-4a09-bd07-80cdea346c40/1779258999232-fjmx03npagd.jpg,image,https://zleajzevvhugkwlqlolt.supabase.co/storage/v1/object/public/Photos/4431e23f-5efd-4a09-bd07-80cdea346c40/thumbs/1779258999232-fjmx03npagd.webp
e612dd92-9764-4eeb-b57c-c395d5f9cdd6,b5eafa62-8447-453b-8f6f-00b5b619003b,b5eafa62-8447-453b-8f6f-00b5b619003b/1777649344359-o3jb90gqvy.webp,image,null
e7bc3d44-b6bf-44f1-9323-b95cb4d9038d,4431e23f-5efd-4a09-bd07-80cdea346c40,4431e23f-5efd-4a09-bd07-80cdea346c40/1779259430049-ir848yuiux.jpg,image,https://zleajzevvhugkwlqlolt.supabase.co/storage/v1/object/public/Photos/4431e23f-5efd-4a09-bd07-80cdea346c40/thumbs/1779259430049-ir848yuiux.webp
e7d130d3-2d97-4ba0-97d1-e148a42826b9,4431e23f-5efd-4a09-bd07-80cdea346c40,4431e23f-5efd-4a09-bd07-80cdea346c40/1779259392482-4iovbdnhqeq.jpg,image,https://zleajzevvhugkwlqlolt.supabase.co/storage/v1/object/public/Photos/4431e23f-5efd-4a09-bd07-80cdea346c40/thumbs/1779259392482-4iovbdnhqeq.webp
e8103945-259e-4fb3-b0d8-69fba0fe0919,4431e23f-5efd-4a09-bd07-80cdea346c40,4431e23f-5efd-4a09-bd07-80cdea346c40/1779259624538-kduup3nhxcr.jpg,image,https://zleajzevvhugkwlqlolt.supabase.co/storage/v1/object/public/Photos/4431e23f-5efd-4a09-bd07-80cdea346c40/thumbs/1779259624538-kduup3nhxcr.webp
eb012f92-18ee-4533-8f78-6da34a7f3072,7e524421-97ef-4d2d-a177-910d84af8b71,7e524421-97ef-4d2d-a177-910d84af8b71/1777897951164-ihtucbls66.webp,image,null
eb44f2ab-47fb-4599-a019-17962a06421e,d4eac5fe-17d1-449f-8db8-a5f7617ecb80,d4eac5fe-17d1-449f-8db8-a5f7617ecb80/1779909934206-sqxpydqex7.jpg,image,https://zleajzevvhugkwlqlolt.supabase.co/storage/v1/object/public/Photos/d4eac5fe-17d1-449f-8db8-a5f7617ecb80/thumbs/1779909934206-sqxpydqex7.webp
ebd3be86-f567-4e82-8a23-6e08a32811ed,4431e23f-5efd-4a09-bd07-80cdea346c40,4431e23f-5efd-4a09-bd07-80cdea346c40/1779259570059-7h5rlzdbd4l.jpg,image,https://zleajzevvhugkwlqlolt.supabase.co/storage/v1/object/public/Photos/4431e23f-5efd-4a09-bd07-80cdea346c40/thumbs/1779259570059-7h5rlzdbd4l.webp
ecc4f768-3537-4301-943c-0e5a1cc2184a,5abf9683-79a8-4b01-9b61-1e8778398211,5abf9683-79a8-4b01-9b61-1e8778398211/1778604114639-7zhvbuym0iv.jpg,image,null
ed76c27c-bd05-4c0a-ab59-9d47427b2730,4431e23f-5efd-4a09-bd07-80cdea346c40,4431e23f-5efd-4a09-bd07-80cdea346c40/1779259651268-xqstwi5dpd.jpg,image,https://zleajzevvhugkwlqlolt.supabase.co/storage/v1/object/public/Photos/4431e23f-5efd-4a09-bd07-80cdea346c40/thumbs/1779259651268-xqstwi5dpd.webp
edb77c10-96d9-40d4-a4ef-e9dd74bed710,4431e23f-5efd-4a09-bd07-80cdea346c40,4431e23f-5efd-4a09-bd07-80cdea346c40/1779259521177-b6h1db8um5h.jpg,image,https://zleajzevvhugkwlqlolt.supabase.co/storage/v1/object/public/Photos/4431e23f-5efd-4a09-bd07-80cdea346c40/thumbs/1779259521177-b6h1db8um5h.webp
ef0e5673-2957-490f-9c5a-f08b50d23dd7,f62ba7cd-b0d0-4da0-922e-3ee530f37223,f62ba7cd-b0d0-4da0-922e-3ee530f37223/1777906156877-qaxitl48fk.jpg,image,null
ef34f6a3-d1a7-4583-9a2e-c58e728c6823,4431e23f-5efd-4a09-bd07-80cdea346c40,4431e23f-5efd-4a09-bd07-80cdea346c40/1779258974478-2vw6g4hk8gx.jpg,image,https://zleajzevvhugkwlqlolt.supabase.co/storage/v1/object/public/Photos/4431e23f-5efd-4a09-bd07-80cdea346c40/thumbs/1779258974478-2vw6g4hk8gx.webp
ef389128-6fcc-4fd0-ac0e-cdef9b51b147,5abf9683-79a8-4b01-9b61-1e8778398211,5abf9683-79a8-4b01-9b61-1e8778398211/1778604109274-q2x1ye9at5.jpg,image,null
f00f1810-8bae-43d2-b2ca-0e10aabf30b3,4431e23f-5efd-4a09-bd07-80cdea346c40,4431e23f-5efd-4a09-bd07-80cdea346c40/1779258970607-oqm34cpkgva.jpg,image,https://zleajzevvhugkwlqlolt.supabase.co/storage/v1/object/public/Photos/4431e23f-5efd-4a09-bd07-80cdea346c40/thumbs/1779258970607-oqm34cpkgva.webp
f1c918f9-5ae0-4261-8515-9c1668fe623f,4431e23f-5efd-4a09-bd07-80cdea346c40,4431e23f-5efd-4a09-bd07-80cdea346c40/1779259573002-rzmo1ryzpxk.jpg,image,https://zleajzevvhugkwlqlolt.supabase.co/storage/v1/object/public/Photos/4431e23f-5efd-4a09-bd07-80cdea346c40/thumbs/1779259573002-rzmo1ryzpxk.webp
f4e71e16-f4aa-441b-98d6-b79f56915fb0,4431e23f-5efd-4a09-bd07-80cdea346c40,4431e23f-5efd-4a09-bd07-80cdea346c40/1779259454586-rn2xlfwchta.jpg,image,https://zleajzevvhugkwlqlolt.supabase.co/storage/v1/object/public/Photos/4431e23f-5efd-4a09-bd07-80cdea346c40/thumbs/1779259454586-rn2xlfwchta.webp
f809b4bb-f886-4645-a1af-057ba1f300b0,d4eac5fe-17d1-449f-8db8-a5f7617ecb80,d4eac5fe-17d1-449f-8db8-a5f7617ecb80/1779899454786-ruiuoa93t7o.jpg,image,https://zleajzevvhugkwlqlolt.supabase.co/storage/v1/object/public/Photos/d4eac5fe-17d1-449f-8db8-a5f7617ecb80/thumbs/1779899454786-ruiuoa93t7o.webp
f8d33e27-871a-448c-b546-c888c9ca7ee9,4431e23f-5efd-4a09-bd07-80cdea346c40,4431e23f-5efd-4a09-bd07-80cdea346c40/1779259515628-23njjtc54bh.jpg,image,https://zleajzevvhugkwlqlolt.supabase.co/storage/v1/object/public/Photos/4431e23f-5efd-4a09-bd07-80cdea346c40/thumbs/1779259515628-23njjtc54bh.webp
f936604e-ce5c-444a-ab02-b5297dd5fe14,4431e23f-5efd-4a09-bd07-80cdea346c40,4431e23f-5efd-4a09-bd07-80cdea346c40/1779259389959-k6usouo4l3n.jpg,image,https://zleajzevvhugkwlqlolt.supabase.co/storage/v1/object/public/Photos/4431e23f-5efd-4a09-bd07-80cdea346c40/thumbs/1779259389959-k6usouo4l3n.webp
f9feee00-f6f5-48e5-b566-a33329228f4d,4431e23f-5efd-4a09-bd07-80cdea346c40,4431e23f-5efd-4a09-bd07-80cdea346c40/1779259389959-a2sai9ryeyt.jpg,image,https://zleajzevvhugkwlqlolt.supabase.co/storage/v1/object/public/Photos/4431e23f-5efd-4a09-bd07-80cdea346c40/thumbs/1779259389959-a2sai9ryeyt.webp
fa19bde7-6597-4ba3-b2e7-7cd7d864daaa,d4eac5fe-17d1-449f-8db8-a5f7617ecb80,d4eac5fe-17d1-449f-8db8-a5f7617ecb80/1779899371671-wcum7bnzdn.jpg,image,https://zleajzevvhugkwlqlolt.supabase.co/storage/v1/object/public/Photos/d4eac5fe-17d1-449f-8db8-a5f7617ecb80/thumbs/1779899371671-wcum7bnzdn.webp
fb84c45f-1a59-4dd8-8f52-ed1e6037c515,4431e23f-5efd-4a09-bd07-80cdea346c40,4431e23f-5efd-4a09-bd07-80cdea346c40/1779259597313-p56qn983te.jpg,image,https://zleajzevvhugkwlqlolt.supabase.co/storage/v1/object/public/Photos/4431e23f-5efd-4a09-bd07-80cdea346c40/thumbs/1779259597313-p56qn983te.webp
fc1f6344-19fc-4a9b-96ee-0f27437e2f70,4431e23f-5efd-4a09-bd07-80cdea346c40,4431e23f-5efd-4a09-bd07-80cdea346c40/1779258951429-9vhtcizpr98.jpg,image,null
fc5844a0-e964-41c1-b6ad-a3a97ca94db8,4431e23f-5efd-4a09-bd07-80cdea346c40,4431e23f-5efd-4a09-bd07-80cdea346c40/1779258952956-wv8r4pukg9.jpg,image,https://zleajzevvhugkwlqlolt.supabase.co/storage/v1/object/public/Photos/4431e23f-5efd-4a09-bd07-80cdea346c40/thumbs/1779258952956-wv8r4pukg9.webp
fc7af345-1cc3-426f-a5cb-c229ff242dcd,d4eac5fe-17d1-449f-8db8-a5f7617ecb80,d4eac5fe-17d1-449f-8db8-a5f7617ecb80/1779899443492-6ogq39bas09.jpg,image,https://zleajzevvhugkwlqlolt.supabase.co/storage/v1/object/public/Photos/d4eac5fe-17d1-449f-8db8-a5f7617ecb80/thumbs/1779899443492-6ogq39bas09.webp
fdd053e3-0c99-4548-86e3-01945a50f29e,4431e23f-5efd-4a09-bd07-80cdea346c40,4431e23f-5efd-4a09-bd07-80cdea346c40/1779258951429-wwhjoe1u1gp.jpg,image,https://zleajzevvhugkwlqlolt.supabase.co/storage/v1/object/public/Photos/4431e23f-5efd-4a09-bd07-80cdea346c40/thumbs/1779258951429-wwhjoe1u1gp.webp
ffdecaed-5eba-475a-83a4-900badf74a08,4431e23f-5efd-4a09-bd07-80cdea346c40,4431e23f-5efd-4a09-bd07-80cdea346c40/1779259079075-61tay2oaheh.jpg,image,https://zleajzevvhugkwlqlolt.supabase.co/storage/v1/object/public/Photos/4431e23f-5efd-4a09-bd07-80cdea346c40/thumbs/1779259079075-61tay2oaheh.webp